Source,File,Representation,FactionA,FactionB,Operator,Value,Notes
base,GameLite/GameData/RelationPrototypes.cfg,struct,Army,Player,<->,0,
base,GameLite/GameData/RelationPrototypes.cfg,struct,FreeStalkers,Player,<->,0,
base,GameLite/GameData/RelationPrototypes.cfg,struct,Mutant,Player,<->,-800,
base,GameLite/GameData/RelationPrototypes.cfg,struct,Humanoid,Player,<->,0,
base,GameLite/GameData/RelationPrototypes.cfg,struct,AlliedMutants,Player,<->,0,
base,GameLite/GameData/RelationPrototypes.cfg,struct,ArenaEnemy,Player,<->,-800,
base,GameLite/GameData/RelationPrototypes.cfg,struct,Bandits,Player,<->,-800,
base,GameLite/GameData/RelationPrototypes.cfg,struct,Monolith,Player,<->,-800,
base,GameLite/GameData/RelationPrototypes.cfg,struct,Duty,Player,<->,0,
base,GameLite/GameData/RelationPrototypes.cfg,struct,Freedom,Player,<->,0,
base,GameLite/GameData/RelationPrototypes.cfg,struct,Varta,Player,<->,0,
base,GameLite/GameData/RelationPrototypes.cfg,struct,Neutrals,Player,<->,0,
base,GameLite/GameData/RelationPrototypes.cfg,struct,Militaries,Player,<->,-800,
base,GameLite/GameData/RelationPrototypes.cfg,struct,Noon,Player,<->,0,
base,GameLite/GameData/RelationPrototypes.cfg,struct,Scientists,Player,<->,0,
base,GameLite/GameData/RelationPrototypes.cfg,struct,Mercenaries,Player,<->,-800,
base,GameLite/GameData/RelationPrototypes.cfg,struct,Spark,Player,<->,0,
base,GameLite/GameData/RelationPrototypes.cfg,struct,Corpus,Player,<->,0,
base,GameLite/GameData/RelationPrototypes.cfg,struct,NeutralBandits,Player,<->,0,
base,GameLite/GameData/RelationPrototypes.cfg,struct,VaranBandits,Player,<->,-600,
base,GameLite/GameData/RelationPrototypes.cfg,struct,RooseveltBandits,Player,<->,0,
base,GameLite/GameData/RelationPrototypes.cfg,struct,ShahBandits,Player,<->,-600,
base,GameLite/GameData/RelationPrototypes.cfg,struct,DepoBandits,Player,<->,0,
base,GameLite/GameData/RelationPrototypes.cfg,struct,DocentBandits,Player,<->,0,
base,GameLite/GameData/RelationPrototypes.cfg,struct,SultanBandits,Player,<->,0,
base,GameLite/GameData/RelationPrototypes.cfg,struct,Diggers,Player,<->,0,
base,GameLite/GameData/RelationPrototypes.cfg,struct,UdavMercenaries,Player,<->,0,
base,GameLite/GameData/RelationPrototypes.cfg,struct,ShevchenkoStalkers,Player,<->,0,
base,GameLite/GameData/RelationPrototypes.cfg,struct,SIRCAA_Scientist,Player,<->,0,
base,GameLite/GameData/RelationPrototypes.cfg,struct,MALACHITE_Scientist,Player,<->,0,
base,GameLite/GameData/RelationPrototypes.cfg,struct,NoonFaustians,Player,<->,-600,
base,GameLite/GameData/RelationPrototypes.cfg,struct,IkarVarta,Player,<->,0,
base,GameLite/GameData/RelationPrototypes.cfg,struct,NeutralMSOP,Player,<->,0,
base,GameLite/GameData/RelationPrototypes.cfg,struct,EnemyVarta,Player,<->,-800,
base,GameLite/GameData/RelationPrototypes.cfg,struct,Law,Player,<->,0,
base,GameLite/GameData/RelationPrototypes.cfg,struct,Flame,Player,<->,0,
base,GameLite/GameData/RelationPrototypes.cfg,struct,DepoVictims,Player,<->,0,
base,GameLite/GameData/RelationPrototypes.cfg,struct,SphereMilitaries,Player,<->,0,
base,GameLite/GameData/RelationPrototypes.cfg,struct,VaranStashBandits,Player,<->,0,
base,GameLite/GameData/RelationPrototypes.cfg,struct,SafariHunters,Player,<->,0,
base,GameLite/GameData/RelationPrototypes.cfg,struct,GarmataMilitaries,Player,<->,0,
base,GameLite/GameData/RelationPrototypes.cfg,struct,AzimutVarta,Player,<->,0,
base,GameLite/GameData/RelationPrototypes.cfg,struct,AzimuthMilitaries,Player,<->,0,
base,GameLite/GameData/RelationPrototypes.cfg,struct,KabanBandits,Player,<->,0,
base,GameLite/GameData/RelationPrototypes.cfg,struct,YanovCorpus,Player,<->,0,
base,GameLite/GameData/RelationPrototypes.cfg,struct,VartaLesnichestvo,Player,<->,0,
base,GameLite/GameData/RelationPrototypes.cfg,struct,SparkLesnichestvo,Player,<->,0,
base,GameLite/GameData/RelationPrototypes.cfg,struct,CrazyGuardians,Player,<->,0,
base,GameLite/GameData/RelationPrototypes.cfg,struct,KlenMercenaries,Player,<->,0,
base,GameLite/GameData/RelationPrototypes.cfg,struct,DrozdMilitaries,Player,<->,0,
base,GameLite/GameData/RelationPrototypes.cfg,struct,LokotBandits,Player,<->,0,
base,GameLite/GameData/RelationPrototypes.cfg,struct,FriendlyBlinddog,Player,<->,0,
base,GameLite/GameData/RelationPrototypes.cfg,struct,KosakBandits,Player,<->,0,
base,GameLite/GameData/RelationPrototypes.cfg,struct,MoleStalkers,Player,<->,0,
base,GameLite/GameData/RelationPrototypes.cfg,struct,SQ72_Varta,Player,<->,0,
base,GameLite/GameData/RelationPrototypes.cfg,struct,VartaSIRCAA,Player,<->,0,
base,GameLite/GameData/RelationPrototypes.cfg,struct,NoahLesya,Player,<->,0,
base,GameLite/GameData/RelationPrototypes.cfg,struct,YantarZombie,Player,<->,0,
base,GameLite/GameData/RelationPrototypes.cfg,struct,DocileLabMutants,Player,<->,0,
base,GameLite/GameData/RelationPrototypes.cfg,struct,Lessy,Player,<->,0,
base,GameLite/GameData/RelationPrototypes.cfg,struct,ArenaFriend,Player,<->,800,
base,GameLite/GameData/RelationPrototypes.cfg,struct,FreeStalkers,Army,<->,0,
base,GameLite/GameData/RelationPrototypes.cfg,struct,Mutant,Army,<->,-800,
base,GameLite/GameData/RelationPrototypes.cfg,struct,Humanoid,Army,<->,0,
base,GameLite/GameData/RelationPrototypes.cfg,struct,AlliedMutants,Army,<->,0,
base,GameLite/GameData/RelationPrototypes.cfg,struct,ArenaEnemy,Army,<->,0,
base,GameLite/GameData/RelationPrototypes.cfg,struct,VartaSIRCAA,Army,<->,0,
base,GameLite/GameData/RelationPrototypes.cfg,struct,NoahLesya,Army,<->,0,
base,GameLite/GameData/RelationPrototypes.cfg,struct,ArenaFriend,Army,<->,0,
base,GameLite/GameData/RelationPrototypes.cfg,struct,FreeStalkers,FreeStalkers,<->,0,
base,GameLite/GameData/RelationPrototypes.cfg,struct,Mutant,FreeStalkers,<->,-800,
base,GameLite/GameData/RelationPrototypes.cfg,struct,Humanoid,FreeStalkers,<->,0,
base,GameLite/GameData/RelationPrototypes.cfg,struct,AlliedMutants,FreeStalkers,<->,0,
base,GameLite/GameData/RelationPrototypes.cfg,struct,ArenaEnemy,FreeStalkers,<->,0,
base,GameLite/GameData/RelationPrototypes.cfg,struct,Bandits,FreeStalkers,<->,-800,
base,GameLite/GameData/RelationPrototypes.cfg,struct,VartaSIRCAA,FreeStalkers,<->,0,
base,GameLite/GameData/RelationPrototypes.cfg,struct,NoahLesya,FreeStalkers,<->,0,
base,GameLite/GameData/RelationPrototypes.cfg,struct,ArenaFriend,FreeStalkers,<->,0,
base,GameLite/GameData/RelationPrototypes.cfg,struct,Mutant,Mutant,<->,0,
base,GameLite/GameData/RelationPrototypes.cfg,struct,Humanoid,Mutant,<->,-800,
base,GameLite/GameData/RelationPrototypes.cfg,struct,AlliedMutants,Mutant,<->,0,
base,GameLite/GameData/RelationPrototypes.cfg,struct,ArenaEnemy,Mutant,<->,0,
base,GameLite/GameData/RelationPrototypes.cfg,struct,Bandits,Mutant,<->,-800,
base,GameLite/GameData/RelationPrototypes.cfg,struct,Monolith,Mutant,<->,-800,
base,GameLite/GameData/RelationPrototypes.cfg,struct,Duty,Mutant,<->,-800,
base,GameLite/GameData/RelationPrototypes.cfg,struct,Freedom,Mutant,<->,-800,
base,GameLite/GameData/RelationPrototypes.cfg,struct,Varta,Mutant,<->,-800,
base,GameLite/GameData/RelationPrototypes.cfg,struct,Neutrals,Mutant,<->,-800,
base,GameLite/GameData/RelationPrototypes.cfg,struct,Militaries,Mutant,<->,-800,
base,GameLite/GameData/RelationPrototypes.cfg,struct,Noon,Mutant,<->,-800,
base,GameLite/GameData/RelationPrototypes.cfg,struct,Scientists,Mutant,<->,-800,
base,GameLite/GameData/RelationPrototypes.cfg,struct,Mercenaries,Mutant,<->,-800,
base,GameLite/GameData/RelationPrototypes.cfg,struct,Spark,Mutant,<->,-800,
base,GameLite/GameData/RelationPrototypes.cfg,struct,Corpus,Mutant,<->,-800,
base,GameLite/GameData/RelationPrototypes.cfg,struct,NeutralBandits,Mutant,<->,-800,
base,GameLite/GameData/RelationPrototypes.cfg,struct,RooseveltBandits,Mutant,<->,-800,
base,GameLite/GameData/RelationPrototypes.cfg,struct,ShahBandits,Mutant,<->,-800,
base,GameLite/GameData/RelationPrototypes.cfg,struct,DocentBandits,Mutant,<->,-800,
base,GameLite/GameData/RelationPrototypes.cfg,struct,SultanBandits,Mutant,<->,-800,
base,GameLite/GameData/RelationPrototypes.cfg,struct,Law,Mutant,<->,0,
base,GameLite/GameData/RelationPrototypes.cfg,struct,Flame,Mutant,<->,0,
base,GameLite/GameData/RelationPrototypes.cfg,struct,DepoVictims,Mutant,<->,0,
base,GameLite/GameData/RelationPrototypes.cfg,struct,SphereMilitaries,Mutant,<->,0,
base,GameLite/GameData/RelationPrototypes.cfg,struct,VaranStashBandits,Mutant,<->,0,
base,GameLite/GameData/RelationPrototypes.cfg,struct,SafariHunters,Mutant,<->,0,
base,GameLite/GameData/RelationPrototypes.cfg,struct,GarmataMilitaries,Mutant,<->,0,
base,GameLite/GameData/RelationPrototypes.cfg,struct,AzimutVarta,Mutant,<->,0,
base,GameLite/GameData/RelationPrototypes.cfg,struct,AzimuthMilitaries,Mutant,<->,0,
base,GameLite/GameData/RelationPrototypes.cfg,struct,KabanBandits,Mutant,<->,0,
base,GameLite/GameData/RelationPrototypes.cfg,struct,YanovCorpus,Mutant,<->,0,
base,GameLite/GameData/RelationPrototypes.cfg,struct,VartaLesnichestvo,Mutant,<->,0,
base,GameLite/GameData/RelationPrototypes.cfg,struct,SparkLesnichestvo,Mutant,<->,0,
base,GameLite/GameData/RelationPrototypes.cfg,struct,CrazyGuardians,Mutant,<->,0,
base,GameLite/GameData/RelationPrototypes.cfg,struct,KlenMercenaries,Mutant,<->,0,
base,GameLite/GameData/RelationPrototypes.cfg,struct,DrozdMilitaries,Mutant,<->,0,
base,GameLite/GameData/RelationPrototypes.cfg,struct,LokotBandits,Mutant,<->,0,
base,GameLite/GameData/RelationPrototypes.cfg,struct,FriendlyBlinddog,Mutant,<->,0,
base,GameLite/GameData/RelationPrototypes.cfg,struct,KosakBandits,Mutant,<->,0,
base,GameLite/GameData/RelationPrototypes.cfg,struct,MoleStalkers,Mutant,<->,0,
base,GameLite/GameData/RelationPrototypes.cfg,struct,SQ72_Varta,Mutant,<->,0,
base,GameLite/GameData/RelationPrototypes.cfg,struct,VartaSIRCAA,Mutant,<->,-800,
base,GameLite/GameData/RelationPrototypes.cfg,struct,NoahLesya,Mutant,<->,0,
base,GameLite/GameData/RelationPrototypes.cfg,struct,YantarZombie,Mutant,<->,0,
base,GameLite/GameData/RelationPrototypes.cfg,struct,DocileLabMutants,Mutant,<->,0,
base,GameLite/GameData/RelationPrototypes.cfg,struct,Lessy,Mutant,<->,0,
base,GameLite/GameData/RelationPrototypes.cfg,struct,ArenaFriend,Mutant,<->,0,
base,GameLite/GameData/RelationPrototypes.cfg,struct,Humanoid,Humanoid,<->,0,
base,GameLite/GameData/RelationPrototypes.cfg,struct,AlliedMutants,Humanoid,<->,0,
base,GameLite/GameData/RelationPrototypes.cfg,struct,ArenaEnemy,Humanoid,<->,0,
base,GameLite/GameData/RelationPrototypes.cfg,struct,Bandits,Humanoid,<->,-800,
base,GameLite/GameData/RelationPrototypes.cfg,struct,Monolith,Humanoid,<->,-800,
base,GameLite/GameData/RelationPrototypes.cfg,struct,Duty,Humanoid,<->,0,
base,GameLite/GameData/RelationPrototypes.cfg,struct,Freedom,Humanoid,<->,0,
base,GameLite/GameData/RelationPrototypes.cfg,struct,Varta,Humanoid,<->,0,
base,GameLite/GameData/RelationPrototypes.cfg,struct,Neutrals,Humanoid,<->,0,
base,GameLite/GameData/RelationPrototypes.cfg,struct,Militaries,Humanoid,<->,0,
base,GameLite/GameData/RelationPrototypes.cfg,struct,Noon,Humanoid,<->,0,
base,GameLite/GameData/RelationPrototypes.cfg,struct,Scientists,Humanoid,<->,0,
base,GameLite/GameData/RelationPrototypes.cfg,struct,Mercenaries,Humanoid,<->,0,
base,GameLite/GameData/RelationPrototypes.cfg,struct,Spark,Humanoid,<->,0,
base,GameLite/GameData/RelationPrototypes.cfg,struct,Corpus,Humanoid,<->,0,
base,GameLite/GameData/RelationPrototypes.cfg,struct,NeutralBandits,Humanoid,<->,0,
base,GameLite/GameData/RelationPrototypes.cfg,struct,RooseveltBandits,Humanoid,<->,0,
base,GameLite/GameData/RelationPrototypes.cfg,struct,ShahBandits,Humanoid,<->,0,
base,GameLite/GameData/RelationPrototypes.cfg,struct,DocentBandits,Humanoid,<->,0,
base,GameLite/GameData/RelationPrototypes.cfg,struct,SultanBandits,Humanoid,<->,0,
base,GameLite/GameData/RelationPrototypes.cfg,struct,Law,Humanoid,<->,0,
base,GameLite/GameData/RelationPrototypes.cfg,struct,Flame,Humanoid,<->,0,
base,GameLite/GameData/RelationPrototypes.cfg,struct,DepoVictims,Humanoid,<->,0,
base,GameLite/GameData/RelationPrototypes.cfg,struct,SphereMilitaries,Humanoid,<->,0,
base,GameLite/GameData/RelationPrototypes.cfg,struct,VaranStashBandits,Humanoid,<->,0,
base,GameLite/GameData/RelationPrototypes.cfg,struct,SafariHunters,Humanoid,<->,0,
base,GameLite/GameData/RelationPrototypes.cfg,struct,GarmataMilitaries,Humanoid,<->,0,
base,GameLite/GameData/RelationPrototypes.cfg,struct,AzimutVarta,Humanoid,<->,0,
base,GameLite/GameData/RelationPrototypes.cfg,struct,AzimuthMilitaries,Humanoid,<->,0,
base,GameLite/GameData/RelationPrototypes.cfg,struct,KabanBandits,Humanoid,<->,0,
base,GameLite/GameData/RelationPrototypes.cfg,struct,YanovCorpus,Humanoid,<->,0,
base,GameLite/GameData/RelationPrototypes.cfg,struct,VartaLesnichestvo,Humanoid,<->,0,
base,GameLite/GameData/RelationPrototypes.cfg,struct,SparkLesnichestvo,Humanoid,<->,0,
base,GameLite/GameData/RelationPrototypes.cfg,struct,CrazyGuardians,Humanoid,<->,0,
base,GameLite/GameData/RelationPrototypes.cfg,struct,KlenMercenaries,Humanoid,<->,0,
base,GameLite/GameData/RelationPrototypes.cfg,struct,DrozdMilitaries,Humanoid,<->,0,
base,GameLite/GameData/RelationPrototypes.cfg,struct,LokotBandits,Humanoid,<->,0,
base,GameLite/GameData/RelationPrototypes.cfg,struct,FriendlyBlinddog,Humanoid,<->,0,
base,GameLite/GameData/RelationPrototypes.cfg,struct,KosakBandits,Humanoid,<->,0,
base,GameLite/GameData/RelationPrototypes.cfg,struct,MoleStalkers,Humanoid,<->,0,
base,GameLite/GameData/RelationPrototypes.cfg,struct,SQ72_Varta,Humanoid,<->,0,
base,GameLite/GameData/RelationPrototypes.cfg,struct,VartaSIRCAA,Humanoid,<->,0,
base,GameLite/GameData/RelationPrototypes.cfg,struct,NoahLesya,Humanoid,<->,0,
base,GameLite/GameData/RelationPrototypes.cfg,struct,YantarZombie,Humanoid,<->,0,
base,GameLite/GameData/RelationPrototypes.cfg,struct,DocileLabMutants,Humanoid,<->,0,
base,GameLite/GameData/RelationPrototypes.cfg,struct,Lessy,Humanoid,<->,0,
base,GameLite/GameData/RelationPrototypes.cfg,struct,ArenaFriend,Humanoid,<->,0,
base,GameLite/GameData/RelationPrototypes.cfg,struct,AlliedMutants,AlliedMutants,<->,600,
base,GameLite/GameData/RelationPrototypes.cfg,struct,ArenaEnemy,AlliedMutants,<->,0,
base,GameLite/GameData/RelationPrototypes.cfg,struct,Bandits,AlliedMutants,<->,0,
base,GameLite/GameData/RelationPrototypes.cfg,struct,Monolith,AlliedMutants,<->,0,
base,GameLite/GameData/RelationPrototypes.cfg,struct,Duty,AlliedMutants,<->,0,
base,GameLite/GameData/RelationPrototypes.cfg,struct,Freedom,AlliedMutants,<->,0,
base,GameLite/GameData/RelationPrototypes.cfg,struct,Varta,AlliedMutants,<->,0,
base,GameLite/GameData/RelationPrototypes.cfg,struct,Neutrals,AlliedMutants,<->,0,
base,GameLite/GameData/RelationPrototypes.cfg,struct,Militaries,AlliedMutants,<->,0,
base,GameLite/GameData/RelationPrototypes.cfg,struct,Noon,AlliedMutants,<->,0,
base,GameLite/GameData/RelationPrototypes.cfg,struct,Scientists,AlliedMutants,<->,0,
base,GameLite/GameData/RelationPrototypes.cfg,struct,Mercenaries,AlliedMutants,<->,0,
base,GameLite/GameData/RelationPrototypes.cfg,struct,Spark,AlliedMutants,<->,0,
base,GameLite/GameData/RelationPrototypes.cfg,struct,Corpus,AlliedMutants,<->,0,
base,GameLite/GameData/RelationPrototypes.cfg,struct,NeutralBandits,AlliedMutants,<->,0,
base,GameLite/GameData/RelationPrototypes.cfg,struct,RooseveltBandits,AlliedMutants,<->,0,
base,GameLite/GameData/RelationPrototypes.cfg,struct,ShahBandits,AlliedMutants,<->,0,
base,GameLite/GameData/RelationPrototypes.cfg,struct,DocentBandits,AlliedMutants,<->,0,
base,GameLite/GameData/RelationPrototypes.cfg,struct,SultanBandits,AlliedMutants,<->,0,
base,GameLite/GameData/RelationPrototypes.cfg,struct,Law,AlliedMutants,<->,0,
base,GameLite/GameData/RelationPrototypes.cfg,struct,Flame,AlliedMutants,<->,0,
base,GameLite/GameData/RelationPrototypes.cfg,struct,DepoVictims,AlliedMutants,<->,0,
base,GameLite/GameData/RelationPrototypes.cfg,struct,SphereMilitaries,AlliedMutants,<->,0,
base,GameLite/GameData/RelationPrototypes.cfg,struct,VaranStashBandits,AlliedMutants,<->,0,
base,GameLite/GameData/RelationPrototypes.cfg,struct,SafariHunters,AlliedMutants,<->,0,
base,GameLite/GameData/RelationPrototypes.cfg,struct,GarmataMilitaries,AlliedMutants,<->,0,
base,GameLite/GameData/RelationPrototypes.cfg,struct,AzimutVarta,AlliedMutants,<->,0,
base,GameLite/GameData/RelationPrototypes.cfg,struct,AzimuthMilitaries,AlliedMutants,<->,0,
base,GameLite/GameData/RelationPrototypes.cfg,struct,KabanBandits,AlliedMutants,<->,0,
base,GameLite/GameData/RelationPrototypes.cfg,struct,YanovCorpus,AlliedMutants,<->,0,
base,GameLite/GameData/RelationPrototypes.cfg,struct,VartaLesnichestvo,AlliedMutants,<->,0,
base,GameLite/GameData/RelationPrototypes.cfg,struct,SparkLesnichestvo,AlliedMutants,<->,0,
base,GameLite/GameData/RelationPrototypes.cfg,struct,CrazyGuardians,AlliedMutants,<->,0,
base,GameLite/GameData/RelationPrototypes.cfg,struct,KlenMercenaries,AlliedMutants,<->,0,
base,GameLite/GameData/RelationPrototypes.cfg,struct,DrozdMilitaries,AlliedMutants,<->,0,
base,GameLite/GameData/RelationPrototypes.cfg,struct,LokotBandits,AlliedMutants,<->,0,
base,GameLite/GameData/RelationPrototypes.cfg,struct,FriendlyBlinddog,AlliedMutants,<->,0,
base,GameLite/GameData/RelationPrototypes.cfg,struct,KosakBandits,AlliedMutants,<->,0,
base,GameLite/GameData/RelationPrototypes.cfg,struct,MoleStalkers,AlliedMutants,<->,0,
base,GameLite/GameData/RelationPrototypes.cfg,struct,SQ72_Varta,AlliedMutants,<->,0,
base,GameLite/GameData/RelationPrototypes.cfg,struct,VartaSIRCAA,AlliedMutants,<->,-800,
base,GameLite/GameData/RelationPrototypes.cfg,struct,NoahLesya,AlliedMutants,<->,0,
base,GameLite/GameData/RelationPrototypes.cfg,struct,YantarZombie,AlliedMutants,<->,0,
base,GameLite/GameData/RelationPrototypes.cfg,struct,DocileLabMutants,AlliedMutants,<->,0,
base,GameLite/GameData/RelationPrototypes.cfg,struct,Lessy,AlliedMutants,<->,0,
base,GameLite/GameData/RelationPrototypes.cfg,struct,ArenaFriend,AlliedMutants,<->,0,
base,GameLite/GameData/RelationPrototypes.cfg,struct,ArenaEnemy,ArenaEnemy,<->,600,
base,GameLite/GameData/RelationPrototypes.cfg,struct,Bandits,ArenaEnemy,<->,0,
base,GameLite/GameData/RelationPrototypes.cfg,struct,Monolith,ArenaEnemy,<->,0,
base,GameLite/GameData/RelationPrototypes.cfg,struct,Duty,ArenaEnemy,<->,0,
base,GameLite/GameData/RelationPrototypes.cfg,struct,Freedom,ArenaEnemy,<->,0,
base,GameLite/GameData/RelationPrototypes.cfg,struct,Varta,ArenaEnemy,<->,0,
base,GameLite/GameData/RelationPrototypes.cfg,struct,Neutrals,ArenaEnemy,<->,0,
base,GameLite/GameData/RelationPrototypes.cfg,struct,Militaries,ArenaEnemy,<->,0,
base,GameLite/GameData/RelationPrototypes.cfg,struct,Noon,ArenaEnemy,<->,0,
base,GameLite/GameData/RelationPrototypes.cfg,struct,Scientists,ArenaEnemy,<->,0,
base,GameLite/GameData/RelationPrototypes.cfg,struct,Mercenaries,ArenaEnemy,<->,0,
base,GameLite/GameData/RelationPrototypes.cfg,struct,Spark,ArenaEnemy,<->,0,
base,GameLite/GameData/RelationPrototypes.cfg,struct,Corpus,ArenaEnemy,<->,0,
base,GameLite/GameData/RelationPrototypes.cfg,struct,NeutralBandits,ArenaEnemy,<->,0,
base,GameLite/GameData/RelationPrototypes.cfg,struct,RooseveltBandits,ArenaEnemy,<->,0,
base,GameLite/GameData/RelationPrototypes.cfg,struct,ShahBandits,ArenaEnemy,<->,0,
base,GameLite/GameData/RelationPrototypes.cfg,struct,DocentBandits,ArenaEnemy,<->,0,
base,GameLite/GameData/RelationPrototypes.cfg,struct,SultanBandits,ArenaEnemy,<->,0,
base,GameLite/GameData/RelationPrototypes.cfg,struct,Law,ArenaEnemy,<->,0,
base,GameLite/GameData/RelationPrototypes.cfg,struct,Flame,ArenaEnemy,<->,0,
base,GameLite/GameData/RelationPrototypes.cfg,struct,DepoVictims,ArenaEnemy,<->,0,
base,GameLite/GameData/RelationPrototypes.cfg,struct,SphereMilitaries,ArenaEnemy,<->,0,
base,GameLite/GameData/RelationPrototypes.cfg,struct,VaranStashBandits,ArenaEnemy,<->,0,
base,GameLite/GameData/RelationPrototypes.cfg,struct,SafariHunters,ArenaEnemy,<->,0,
base,GameLite/GameData/RelationPrototypes.cfg,struct,GarmataMilitaries,ArenaEnemy,<->,0,
base,GameLite/GameData/RelationPrototypes.cfg,struct,AzimutVarta,ArenaEnemy,<->,0,
base,GameLite/GameData/RelationPrototypes.cfg,struct,AzimuthMilitaries,ArenaEnemy,<->,0,
base,GameLite/GameData/RelationPrototypes.cfg,struct,KabanBandits,ArenaEnemy,<->,0,
base,GameLite/GameData/RelationPrototypes.cfg,struct,YanovCorpus,ArenaEnemy,<->,0,
base,GameLite/GameData/RelationPrototypes.cfg,struct,VartaLesnichestvo,ArenaEnemy,<->,0,
base,GameLite/GameData/RelationPrototypes.cfg,struct,SparkLesnichestvo,ArenaEnemy,<->,0,
base,GameLite/GameData/RelationPrototypes.cfg,struct,CrazyGuardians,ArenaEnemy,<->,0,
base,GameLite/GameData/RelationPrototypes.cfg,struct,KlenMercenaries,ArenaEnemy,<->,0,
base,GameLite/GameData/RelationPrototypes.cfg,struct,DrozdMilitaries,ArenaEnemy,<->,0,
base,GameLite/GameData/RelationPrototypes.cfg,struct,LokotBandits,ArenaEnemy,<->,0,
base,GameLite/GameData/RelationPrototypes.cfg,struct,FriendlyBlinddog,ArenaEnemy,<->,0,
base,GameLite/GameData/RelationPrototypes.cfg,struct,KosakBandits,ArenaEnemy,<->,0,
base,GameLite/GameData/RelationPrototypes.cfg,struct,MoleStalkers,ArenaEnemy,<->,0,
base,GameLite/GameData/RelationPrototypes.cfg,struct,SQ72_Varta,ArenaEnemy,<->,0,
base,GameLite/GameData/RelationPrototypes.cfg,struct,VartaSIRCAA,ArenaEnemy,<->,-800,
base,GameLite/GameData/RelationPrototypes.cfg,struct,NoahLesya,ArenaEnemy,<->,0,
base,GameLite/GameData/RelationPrototypes.cfg,struct,YantarZombie,ArenaEnemy,<->,0,
base,GameLite/GameData/RelationPrototypes.cfg,struct,DocileLabMutants,ArenaEnemy,<->,0,
base,GameLite/GameData/RelationPrototypes.cfg,struct,Lessy,ArenaEnemy,<->,0,
base,GameLite/GameData/RelationPrototypes.cfg,struct,ArenaFriend,ArenaEnemy,<->,-800,
base,GameLite/GameData/RelationPrototypes.cfg,struct,Bandits,Bandits,<->,600,
base,GameLite/GameData/RelationPrototypes.cfg,struct,Monolith,Bandits,<->,-800,
base,GameLite/GameData/RelationPrototypes.cfg,struct,Duty,Bandits,<->,-800,
base,GameLite/GameData/RelationPrototypes.cfg,struct,Freedom,Bandits,<->,-800,
base,GameLite/GameData/RelationPrototypes.cfg,struct,Varta,Bandits,<->,-800,
base,GameLite/GameData/RelationPrototypes.cfg,struct,Neutrals,Bandits,<->,-800,
base,GameLite/GameData/RelationPrototypes.cfg,struct,Militaries,Bandits,<->,-800,
base,GameLite/GameData/RelationPrototypes.cfg,struct,Noon,Bandits,<->,-800,
base,GameLite/GameData/RelationPrototypes.cfg,struct,Scientists,Bandits,<->,-800,
base,GameLite/GameData/RelationPrototypes.cfg,struct,Mercenaries,Bandits,<->,-599,
base,GameLite/GameData/RelationPrototypes.cfg,struct,Spark,Bandits,<->,-800,
base,GameLite/GameData/RelationPrototypes.cfg,struct,Corpus,Bandits,<->,-800,
base,GameLite/GameData/RelationPrototypes.cfg,struct,NeutralBandits,Bandits,<->,0,
base,GameLite/GameData/RelationPrototypes.cfg,struct,RooseveltBandits,Bandits,<->,0,
base,GameLite/GameData/RelationPrototypes.cfg,struct,ShahBandits,Bandits,<->,0,
base,GameLite/GameData/RelationPrototypes.cfg,struct,DocentBandits,Bandits,<->,0,
base,GameLite/GameData/RelationPrototypes.cfg,struct,SultanBandits,Bandits,<->,0,
base,GameLite/GameData/RelationPrototypes.cfg,struct,VartaSIRCAA,Bandits,<->,-800,
base,GameLite/GameData/RelationPrototypes.cfg,struct,Monolith,Monolith,<->,600,
base,GameLite/GameData/RelationPrototypes.cfg,struct,Duty,Monolith,<->,-800,
base,GameLite/GameData/RelationPrototypes.cfg,struct,Freedom,Monolith,<->,-800,
base,GameLite/GameData/RelationPrototypes.cfg,struct,Varta,Monolith,<->,-800,
base,GameLite/GameData/RelationPrototypes.cfg,struct,Neutrals,Monolith,<->,-800,
base,GameLite/GameData/RelationPrototypes.cfg,struct,Militaries,Monolith,<->,-800,
base,GameLite/GameData/RelationPrototypes.cfg,struct,Noon,Monolith,<->,-800,
base,GameLite/GameData/RelationPrototypes.cfg,struct,Scientists,Monolith,<->,-800,
base,GameLite/GameData/RelationPrototypes.cfg,struct,Mercenaries,Monolith,<->,-800,
base,GameLite/GameData/RelationPrototypes.cfg,struct,Spark,Monolith,<->,-800,
base,GameLite/GameData/RelationPrototypes.cfg,struct,Corpus,Monolith,<->,-800,
base,GameLite/GameData/RelationPrototypes.cfg,struct,NeutralBandits,Monolith,<->,-800,
base,GameLite/GameData/RelationPrototypes.cfg,struct,RooseveltBandits,Monolith,<->,-800,
base,GameLite/GameData/RelationPrototypes.cfg,struct,ShahBandits,Monolith,<->,-800,
base,GameLite/GameData/RelationPrototypes.cfg,struct,DocentBandits,Monolith,<->,-800,
base,GameLite/GameData/RelationPrototypes.cfg,struct,SultanBandits,Monolith,<->,-800,
base,GameLite/GameData/RelationPrototypes.cfg,struct,VartaSIRCAA,Monolith,<->,-800,
base,GameLite/GameData/RelationPrototypes.cfg,struct,Duty,Duty,<->,600,
base,GameLite/GameData/RelationPrototypes.cfg,struct,Freedom,Duty,<->,-599,
base,GameLite/GameData/RelationPrototypes.cfg,struct,Varta,Duty,<->,201,
base,GameLite/GameData/RelationPrototypes.cfg,struct,Neutrals,Duty,<->,0,
base,GameLite/GameData/RelationPrototypes.cfg,struct,Militaries,Duty,<->,0,
base,GameLite/GameData/RelationPrototypes.cfg,struct,Noon,Duty,<->,-599,
base,GameLite/GameData/RelationPrototypes.cfg,struct,Scientists,Duty,<->,201,
base,GameLite/GameData/RelationPrototypes.cfg,struct,Mercenaries,Duty,<->,-799,
base,GameLite/GameData/RelationPrototypes.cfg,struct,Spark,Duty,<->,0,
base,GameLite/GameData/RelationPrototypes.cfg,struct,Corpus,Duty,<->,201,
base,GameLite/GameData/RelationPrototypes.cfg,struct,NeutralBandits,Duty,<->,-800,
base,GameLite/GameData/RelationPrototypes.cfg,struct,RooseveltBandits,Duty,<->,0,
base,GameLite/GameData/RelationPrototypes.cfg,struct,ShahBandits,Duty,<->,-800,
base,GameLite/GameData/RelationPrototypes.cfg,struct,DocentBandits,Duty,<->,-800,
base,GameLite/GameData/RelationPrototypes.cfg,struct,SultanBandits,Duty,<->,-800,
base,GameLite/GameData/RelationPrototypes.cfg,struct,VartaSIRCAA,Duty,<->,0,
base,GameLite/GameData/RelationPrototypes.cfg,struct,Freedom,Freedom,<->,600,
base,GameLite/GameData/RelationPrototypes.cfg,struct,Varta,Freedom,<->,0,
base,GameLite/GameData/RelationPrototypes.cfg,struct,Neutrals,Freedom,<->,0,
base,GameLite/GameData/RelationPrototypes.cfg,struct,Militaries,Freedom,<->,-799,
base,GameLite/GameData/RelationPrototypes.cfg,struct,Noon,Freedom,<->,-599,
base,GameLite/GameData/RelationPrototypes.cfg,struct,Scientists,Freedom,<->,0,
base,GameLite/GameData/RelationPrototypes.cfg,struct,Mercenaries,Freedom,<->,-599,
base,GameLite/GameData/RelationPrototypes.cfg,struct,Spark,Freedom,<->,0,
base,GameLite/GameData/RelationPrototypes.cfg,struct,Corpus,Freedom,<->,0,
base,GameLite/GameData/RelationPrototypes.cfg,struct,NeutralBandits,Freedom,<->,0,
base,GameLite/GameData/RelationPrototypes.cfg,struct,RooseveltBandits,Freedom,<->,0,
base,GameLite/GameData/RelationPrototypes.cfg,struct,ShahBandits,Freedom,<->,201,
base,GameLite/GameData/RelationPrototypes.cfg,struct,DocentBandits,Freedom,<->,0,
base,GameLite/GameData/RelationPrototypes.cfg,struct,SultanBandits,Freedom,<->,0,
base,GameLite/GameData/RelationPrototypes.cfg,struct,VartaSIRCAA,Freedom,<->,0,
base,GameLite/GameData/RelationPrototypes.cfg,struct,Varta,Varta,<->,600,
base,GameLite/GameData/RelationPrototypes.cfg,struct,Neutrals,Varta,<->,-399,
base,GameLite/GameData/RelationPrototypes.cfg,struct,Militaries,Varta,<->,0,
base,GameLite/GameData/RelationPrototypes.cfg,struct,Noon,Varta,<->,-399,
base,GameLite/GameData/RelationPrototypes.cfg,struct,Scientists,Varta,<->,0,
base,GameLite/GameData/RelationPrototypes.cfg,struct,Mercenaries,Varta,<->,-599,
base,GameLite/GameData/RelationPrototypes.cfg,struct,Spark,Varta,<->,-599,
base,GameLite/GameData/RelationPrototypes.cfg,struct,Corpus,Varta,<->,0,
base,GameLite/GameData/RelationPrototypes.cfg,struct,NeutralBandits,Varta,<->,-799,
base,GameLite/GameData/RelationPrototypes.cfg,struct,RooseveltBandits,Varta,<->,-799,
base,GameLite/GameData/RelationPrototypes.cfg,struct,ShahBandits,Varta,<->,-799,
base,GameLite/GameData/RelationPrototypes.cfg,struct,DocentBandits,Varta,<->,-799,
base,GameLite/GameData/RelationPrototypes.cfg,struct,SultanBandits,Varta,<->,-799,
base,GameLite/GameData/RelationPrototypes.cfg,struct,MALACHITE_Scientist,Varta,<->,0,
base,GameLite/GameData/RelationPrototypes.cfg,struct,VartaSIRCAA,Varta,<->,800,
base,GameLite/GameData/RelationPrototypes.cfg,struct,Neutrals,Neutrals,<->,600,
base,GameLite/GameData/RelationPrototypes.cfg,struct,Militaries,Neutrals,<->,-800,
base,GameLite/GameData/RelationPrototypes.cfg,struct,Noon,Neutrals,<->,-599,
base,GameLite/GameData/RelationPrototypes.cfg,struct,Scientists,Neutrals,<->,0,
base,GameLite/GameData/RelationPrototypes.cfg,struct,Mercenaries,Neutrals,<->,-799,
base,GameLite/GameData/RelationPrototypes.cfg,struct,Spark,Neutrals,<->,0,
base,GameLite/GameData/RelationPrototypes.cfg,struct,Corpus,Neutrals,<->,0,
base,GameLite/GameData/RelationPrototypes.cfg,struct,NeutralBandits,Neutrals,<->,0,
base,GameLite/GameData/RelationPrototypes.cfg,struct,RooseveltBandits,Neutrals,<->,-800,
base,GameLite/GameData/RelationPrototypes.cfg,struct,ShahBandits,Neutrals,<->,-800,
base,GameLite/GameData/RelationPrototypes.cfg,struct,DocentBandits,Neutrals,<->,-800,
base,GameLite/GameData/RelationPrototypes.cfg,struct,SultanBandits,Neutrals,<->,0,
base,GameLite/GameData/RelationPrototypes.cfg,struct,VartaSIRCAA,Neutrals,<->,0,
base,GameLite/GameData/RelationPrototypes.cfg,struct,Militaries,Militaries,<->,600,
base,GameLite/GameData/RelationPrototypes.cfg,struct,Noon,Militaries,<->,-800,
base,GameLite/GameData/RelationPrototypes.cfg,struct,Scientists,Militaries,<->,201,
base,GameLite/GameData/RelationPrototypes.cfg,struct,Mercenaries,Militaries,<->,-800,
base,GameLite/GameData/RelationPrototypes.cfg,struct,Spark,Militaries,<->,-800,
base,GameLite/GameData/RelationPrototypes.cfg,struct,Corpus,Militaries,<->,0,
base,GameLite/GameData/RelationPrototypes.cfg,struct,NeutralBandits,Militaries,<->,-800,
base,GameLite/GameData/RelationPrototypes.cfg,struct,RooseveltBandits,Militaries,<->,-800,
base,GameLite/GameData/RelationPrototypes.cfg,struct,ShahBandits,Militaries,<->,-800,
base,GameLite/GameData/RelationPrototypes.cfg,struct,DocentBandits,Militaries,<->,-800,
base,GameLite/GameData/RelationPrototypes.cfg,struct,SultanBandits,Militaries,<->,-800,
base,GameLite/GameData/RelationPrototypes.cfg,struct,VartaSIRCAA,Militaries,<->,0,
base,GameLite/GameData/RelationPrototypes.cfg,struct,Noon,Noon,<->,600,
base,GameLite/GameData/RelationPrototypes.cfg,struct,Scientists,Noon,<->,0,
base,GameLite/GameData/RelationPrototypes.cfg,struct,Mercenaries,Noon,<->,-799,
base,GameLite/GameData/RelationPrototypes.cfg,struct,Spark,Noon,<->,-599,
base,GameLite/GameData/RelationPrototypes.cfg,struct,Corpus,Noon,<->,-599,
base,GameLite/GameData/RelationPrototypes.cfg,struct,NeutralBandits,Noon,<->,-799,
base,GameLite/GameData/RelationPrototypes.cfg,struct,RooseveltBandits,Noon,<->,-800,
base,GameLite/GameData/RelationPrototypes.cfg,struct,ShahBandits,Noon,<->,-800,
base,GameLite/GameData/RelationPrototypes.cfg,struct,DocentBandits,Noon,<->,-800,
base,GameLite/GameData/RelationPrototypes.cfg,struct,SultanBandits,Noon,<->,-799,
base,GameLite/GameData/RelationPrototypes.cfg,struct,VartaSIRCAA,Noon,<->,0,
base,GameLite/GameData/RelationPrototypes.cfg,struct,Scientists,Scientists,<->,600,
base,GameLite/GameData/RelationPrototypes.cfg,struct,Mercenaries,Scientists,<->,0,
base,GameLite/GameData/RelationPrototypes.cfg,struct,Spark,Scientists,<->,201,
base,GameLite/GameData/RelationPrototypes.cfg,struct,Corpus,Scientists,<->,201,
base,GameLite/GameData/RelationPrototypes.cfg,struct,NeutralBandits,Scientists,<->,-799,
base,GameLite/GameData/RelationPrototypes.cfg,struct,RooseveltBandits,Scientists,<->,-799,
base,GameLite/GameData/RelationPrototypes.cfg,struct,ShahBandits,Scientists,<->,-799,
base,GameLite/GameData/RelationPrototypes.cfg,struct,DocentBandits,Scientists,<->,-799,
base,GameLite/GameData/RelationPrototypes.cfg,struct,SultanBandits,Scientists,<->,-799,
base,GameLite/GameData/RelationPrototypes.cfg,struct,VartaSIRCAA,Scientists,<->,800,
base,GameLite/GameData/RelationPrototypes.cfg,struct,Mercenaries,Mercenaries,<->,600,
base,GameLite/GameData/RelationPrototypes.cfg,struct,Spark,Mercenaries,<->,-799,
base,GameLite/GameData/RelationPrototypes.cfg,struct,Corpus,Mercenaries,<->,-799,
base,GameLite/GameData/RelationPrototypes.cfg,struct,NeutralBandits,Mercenaries,<->,-599,
base,GameLite/GameData/RelationPrototypes.cfg,struct,RooseveltBandits,Mercenaries,<->,-799,
base,GameLite/GameData/RelationPrototypes.cfg,struct,ShahBandits,Mercenaries,<->,-799,
base,GameLite/GameData/RelationPrototypes.cfg,struct,DocentBandits,Mercenaries,<->,-799,
base,GameLite/GameData/RelationPrototypes.cfg,struct,SultanBandits,Mercenaries,<->,-799,
base,GameLite/GameData/RelationPrototypes.cfg,struct,VartaSIRCAA,Mercenaries,<->,0,
base,GameLite/GameData/RelationPrototypes.cfg,struct,Spark,Spark,<->,600,
base,GameLite/GameData/RelationPrototypes.cfg,struct,Corpus,Spark,<->,0,
base,GameLite/GameData/RelationPrototypes.cfg,struct,NeutralBandits,Spark,<->,-799,
base,GameLite/GameData/RelationPrototypes.cfg,struct,RooseveltBandits,Spark,<->,-799,
base,GameLite/GameData/RelationPrototypes.cfg,struct,ShahBandits,Spark,<->,-799,
base,GameLite/GameData/RelationPrototypes.cfg,struct,DocentBandits,Spark,<->,-799,
base,GameLite/GameData/RelationPrototypes.cfg,struct,SultanBandits,Spark,<->,0,
base,GameLite/GameData/RelationPrototypes.cfg,struct,VartaSIRCAA,Spark,<->,-299,
base,GameLite/GameData/RelationPrototypes.cfg,struct,Corpus,Corpus,<->,600,
base,GameLite/GameData/RelationPrototypes.cfg,struct,NeutralBandits,Corpus,<->,-800,
base,GameLite/GameData/RelationPrototypes.cfg,struct,RooseveltBandits,Corpus,<->,-800,
base,GameLite/GameData/RelationPrototypes.cfg,struct,ShahBandits,Corpus,<->,-800,
base,GameLite/GameData/RelationPrototypes.cfg,struct,DocentBandits,Corpus,<->,-800,
base,GameLite/GameData/RelationPrototypes.cfg,struct,SultanBandits,Corpus,<->,-799,
base,GameLite/GameData/RelationPrototypes.cfg,struct,VartaSIRCAA,Corpus,<->,0,
base,GameLite/GameData/RelationPrototypes.cfg,struct,NeutralBandits,NeutralBandits,<->,600,
base,GameLite/GameData/RelationPrototypes.cfg,struct,RooseveltBandits,NeutralBandits,<->,0,
base,GameLite/GameData/RelationPrototypes.cfg,struct,ShahBandits,NeutralBandits,<->,0,
base,GameLite/GameData/RelationPrototypes.cfg,struct,DocentBandits,NeutralBandits,<->,0,
base,GameLite/GameData/RelationPrototypes.cfg,struct,SultanBandits,NeutralBandits,<->,0,
base,GameLite/GameData/RelationPrototypes.cfg,struct,VartaSIRCAA,NeutralBandits,<->,0,
base,GameLite/GameData/RelationPrototypes.cfg,struct,VartaSIRCAA,VaranBandits,<->,-800,
base,GameLite/GameData/RelationPrototypes.cfg,struct,RooseveltBandits,RooseveltBandits,<->,600,
base,GameLite/GameData/RelationPrototypes.cfg,struct,ShahBandits,RooseveltBandits,<->,-800,
base,GameLite/GameData/RelationPrototypes.cfg,struct,DocentBandits,RooseveltBandits,<->,0,
base,GameLite/GameData/RelationPrototypes.cfg,struct,SultanBandits,RooseveltBandits,<->,0,
base,GameLite/GameData/RelationPrototypes.cfg,struct,VartaSIRCAA,RooseveltBandits,<->,-800,
base,GameLite/GameData/RelationPrototypes.cfg,struct,ShahBandits,ShahBandits,<->,600,
base,GameLite/GameData/RelationPrototypes.cfg,struct,DocentBandits,ShahBandits,<->,0,
base,GameLite/GameData/RelationPrototypes.cfg,struct,SultanBandits,ShahBandits,<->,0,
base,GameLite/GameData/RelationPrototypes.cfg,struct,VartaSIRCAA,ShahBandits,<->,-800,
base,GameLite/GameData/RelationPrototypes.cfg,struct,VartaSIRCAA,DepoBandits,<->,-800,
base,GameLite/GameData/RelationPrototypes.cfg,struct,DocentBandits,DocentBandits,<->,600,
base,GameLite/GameData/RelationPrototypes.cfg,struct,SultanBandits,DocentBandits,<->,0,
base,GameLite/GameData/RelationPrototypes.cfg,struct,VartaSIRCAA,DocentBandits,<->,-800,
base,GameLite/GameData/RelationPrototypes.cfg,struct,SultanBandits,SultanBandits,<->,600,
base,GameLite/GameData/RelationPrototypes.cfg,struct,VartaSIRCAA,SultanBandits,<->,-800,
base,GameLite/GameData/RelationPrototypes.cfg,struct,VartaSIRCAA,Diggers,<->,0,
base,GameLite/GameData/RelationPrototypes.cfg,struct,VartaSIRCAA,UdavMercenaries,<->,0,
base,GameLite/GameData/RelationPrototypes.cfg,struct,VartaSIRCAA,ShevchenkoStalkers,<->,0,
base,GameLite/GameData/RelationPrototypes.cfg,struct,VartaSIRCAA,SIRCAA_Scientist,<->,800,
base,GameLite/GameData/RelationPrototypes.cfg,struct,VartaSIRCAA,MALACHITE_Scientist,<->,0,
base,GameLite/GameData/RelationPrototypes.cfg,struct,VartaSIRCAA,NoonFaustians,<->,0,
base,GameLite/GameData/RelationPrototypes.cfg,struct,VartaSIRCAA,IkarVarta,<->,0,
base,GameLite/GameData/RelationPrototypes.cfg,struct,VartaSIRCAA,NeutralMSOP,<->,0,
base,GameLite/GameData/RelationPrototypes.cfg,struct,Controller,Controller,<->,800,
base,GameLite/GameData/RelationPrototypes.cfg,struct,Poltergeist,Controller,<->,0,
base,GameLite/GameData/RelationPrototypes.cfg,struct,Bloodsucker,Controller,<->,-800,
base,GameLite/GameData/RelationPrototypes.cfg,struct,Zombie,Controller,<->,800,
base,GameLite/GameData/RelationPrototypes.cfg,struct,Chimera,Controller,<->,0,
base,GameLite/GameData/RelationPrototypes.cfg,struct,Burer,Controller,<->,-800,
base,GameLite/GameData/RelationPrototypes.cfg,struct,Pseudogiant,Controller,<->,-800,
base,GameLite/GameData/RelationPrototypes.cfg,struct,Snork,Controller,<->,-800,
base,GameLite/GameData/RelationPrototypes.cfg,struct,Pseudodog,Controller,<->,0,
base,GameLite/GameData/RelationPrototypes.cfg,struct,Boar,Controller,<->,-800,
base,GameLite/GameData/RelationPrototypes.cfg,struct,Flesh,Controller,<->,-800,
base,GameLite/GameData/RelationPrototypes.cfg,struct,Deer,Controller,<->,-800,
base,GameLite/GameData/RelationPrototypes.cfg,struct,Rat,Controller,<->,0,
base,GameLite/GameData/RelationPrototypes.cfg,struct,Tushkan,Controller,<->,-800,
base,GameLite/GameData/RelationPrototypes.cfg,struct,Blinddog,Controller,<->,-800,
base,GameLite/GameData/RelationPrototypes.cfg,struct,Bayun,Controller,<->,-800,
base,GameLite/GameData/RelationPrototypes.cfg,struct,Poltergeist,Poltergeist,<->,800,
base,GameLite/GameData/RelationPrototypes.cfg,struct,Bloodsucker,Poltergeist,<->,0,
base,GameLite/GameData/RelationPrototypes.cfg,struct,Zombie,Poltergeist,<->,0,
base,GameLite/GameData/RelationPrototypes.cfg,struct,Chimera,Poltergeist,<->,0,
base,GameLite/GameData/RelationPrototypes.cfg,struct,Burer,Poltergeist,<->,0,
base,GameLite/GameData/RelationPrototypes.cfg,struct,Pseudogiant,Poltergeist,<->,0,
base,GameLite/GameData/RelationPrototypes.cfg,struct,Snork,Poltergeist,<->,0,
base,GameLite/GameData/RelationPrototypes.cfg,struct,Pseudodog,Poltergeist,<->,0,
base,GameLite/GameData/RelationPrototypes.cfg,struct,Boar,Poltergeist,<->,0,
base,GameLite/GameData/RelationPrototypes.cfg,struct,Flesh,Poltergeist,<->,0,
base,GameLite/GameData/RelationPrototypes.cfg,struct,Deer,Poltergeist,<->,0,
base,GameLite/GameData/RelationPrototypes.cfg,struct,Rat,Poltergeist,<->,0,
base,GameLite/GameData/RelationPrototypes.cfg,struct,Tushkan,Poltergeist,<->,0,
base,GameLite/GameData/RelationPrototypes.cfg,struct,Blinddog,Poltergeist,<->,0,
base,GameLite/GameData/RelationPrototypes.cfg,struct,Bayun,Poltergeist,<->,0,
base,GameLite/GameData/RelationPrototypes.cfg,struct,Bloodsucker,Bloodsucker,<->,800,
base,GameLite/GameData/RelationPrototypes.cfg,struct,Zombie,Bloodsucker,<->,-800,
base,GameLite/GameData/RelationPrototypes.cfg,struct,Chimera,Bloodsucker,<->,-800,
base,GameLite/GameData/RelationPrototypes.cfg,struct,Burer,Bloodsucker,<->,-800,
base,GameLite/GameData/RelationPrototypes.cfg,struct,Pseudogiant,Bloodsucker,<->,0,
base,GameLite/GameData/RelationPrototypes.cfg,struct,Snork,Bloodsucker,<->,-800,
base,GameLite/GameData/RelationPrototypes.cfg,struct,Pseudodog,Bloodsucker,<->,-800,
base,GameLite/GameData/RelationPrototypes.cfg,struct,Boar,Bloodsucker,<->,-800,
base,GameLite/GameData/RelationPrototypes.cfg,struct,Flesh,Bloodsucker,<->,-800,
base,GameLite/GameData/RelationPrototypes.cfg,struct,Deer,Bloodsucker,<->,-800,
base,GameLite/GameData/RelationPrototypes.cfg,struct,Rat,Bloodsucker,<->,0,
base,GameLite/GameData/RelationPrototypes.cfg,struct,Tushkan,Bloodsucker,<->,-800,
base,GameLite/GameData/RelationPrototypes.cfg,struct,Blinddog,Bloodsucker,<->,-800,
base,GameLite/GameData/RelationPrototypes.cfg,struct,Bayun,Bloodsucker,<->,-800,
base,GameLite/GameData/RelationPrototypes.cfg,struct,Zombie,Zombie,<->,800,
base,GameLite/GameData/RelationPrototypes.cfg,struct,Chimera,Zombie,<->,-800,
base,GameLite/GameData/RelationPrototypes.cfg,struct,Burer,Zombie,<->,-800,
base,GameLite/GameData/RelationPrototypes.cfg,struct,Pseudogiant,Zombie,<->,-800,
base,GameLite/GameData/RelationPrototypes.cfg,struct,Snork,Zombie,<->,-800,
base,GameLite/GameData/RelationPrototypes.cfg,struct,Pseudodog,Zombie,<->,-800,
base,GameLite/GameData/RelationPrototypes.cfg,struct,Boar,Zombie,<->,-800,
base,GameLite/GameData/RelationPrototypes.cfg,struct,Flesh,Zombie,<->,-800,
base,GameLite/GameData/RelationPrototypes.cfg,struct,Deer,Zombie,<->,-800,
base,GameLite/GameData/RelationPrototypes.cfg,struct,Rat,Zombie,<->,0,
base,GameLite/GameData/RelationPrototypes.cfg,struct,Tushkan,Zombie,<->,-800,
base,GameLite/GameData/RelationPrototypes.cfg,struct,Blinddog,Zombie,<->,-800,
base,GameLite/GameData/RelationPrototypes.cfg,struct,Bayun,Zombie,<->,-800,
base,GameLite/GameData/RelationPrototypes.cfg,struct,Chimera,Chimera,<->,800,
base,GameLite/GameData/RelationPrototypes.cfg,struct,Burer,Chimera,<->,-800,
base,GameLite/GameData/RelationPrototypes.cfg,struct,Pseudogiant,Chimera,<->,-800,
base,GameLite/GameData/RelationPrototypes.cfg,struct,Snork,Chimera,<->,-800,
base,GameLite/GameData/RelationPrototypes.cfg,struct,Pseudodog,Chimera,<->,-800,
base,GameLite/GameData/RelationPrototypes.cfg,struct,Boar,Chimera,<->,-800,
base,GameLite/GameData/RelationPrototypes.cfg,struct,Flesh,Chimera,<->,-800,
base,GameLite/GameData/RelationPrototypes.cfg,struct,Deer,Chimera,<->,0,
base,GameLite/GameData/RelationPrototypes.cfg,struct,Rat,Chimera,<->,0,
base,GameLite/GameData/RelationPrototypes.cfg,struct,Tushkan,Chimera,<->,-800,
base,GameLite/GameData/RelationPrototypes.cfg,struct,Blinddog,Chimera,<->,-800,
base,GameLite/GameData/RelationPrototypes.cfg,struct,Bayun,Chimera,<->,-800,
base,GameLite/GameData/RelationPrototypes.cfg,struct,Burer,Burer,<->,800,
base,GameLite/GameData/RelationPrototypes.cfg,struct,Pseudogiant,Burer,<->,-800,
base,GameLite/GameData/RelationPrototypes.cfg,struct,Snork,Burer,<->,-800,
base,GameLite/GameData/RelationPrototypes.cfg,struct,Pseudodog,Burer,<->,-800,
base,GameLite/GameData/RelationPrototypes.cfg,struct,Boar,Burer,<->,-800,
base,GameLite/GameData/RelationPrototypes.cfg,struct,Flesh,Burer,<->,-800,
base,GameLite/GameData/RelationPrototypes.cfg,struct,Deer,Burer,<->,-800,
base,GameLite/GameData/RelationPrototypes.cfg,struct,Rat,Burer,<->,0,
base,GameLite/GameData/RelationPrototypes.cfg,struct,Tushkan,Burer,<->,-800,
base,GameLite/GameData/RelationPrototypes.cfg,struct,Blinddog,Burer,<->,-800,
base,GameLite/GameData/RelationPrototypes.cfg,struct,Bayun,Burer,<->,-800,
base,GameLite/GameData/RelationPrototypes.cfg,struct,Pseudogiant,Pseudogiant,<->,800,
base,GameLite/GameData/RelationPrototypes.cfg,struct,Snork,Pseudogiant,<->,-800,
base,GameLite/GameData/RelationPrototypes.cfg,struct,Pseudodog,Pseudogiant,<->,-800,
base,GameLite/GameData/RelationPrototypes.cfg,struct,Boar,Pseudogiant,<->,-800,
base,GameLite/GameData/RelationPrototypes.cfg,struct,Flesh,Pseudogiant,<->,-800,
base,GameLite/GameData/RelationPrototypes.cfg,struct,Deer,Pseudogiant,<->,0,
base,GameLite/GameData/RelationPrototypes.cfg,struct,Rat,Pseudogiant,<->,0,
base,GameLite/GameData/RelationPrototypes.cfg,struct,Tushkan,Pseudogiant,<->,-800,
base,GameLite/GameData/RelationPrototypes.cfg,struct,Blinddog,Pseudogiant,<->,0,
base,GameLite/GameData/RelationPrototypes.cfg,struct,Bayun,Pseudogiant,<->,-800,
base,GameLite/GameData/RelationPrototypes.cfg,struct,Snork,Snork,<->,800,
base,GameLite/GameData/RelationPrototypes.cfg,struct,Pseudodog,Snork,<->,-800,
base,GameLite/GameData/RelationPrototypes.cfg,struct,Boar,Snork,<->,-800,
base,GameLite/GameData/RelationPrototypes.cfg,struct,Flesh,Snork,<->,-800,
base,GameLite/GameData/RelationPrototypes.cfg,struct,Deer,Snork,<->,-800,
base,GameLite/GameData/RelationPrototypes.cfg,struct,Rat,Snork,<->,0,
base,GameLite/GameData/RelationPrototypes.cfg,struct,Tushkan,Snork,<->,-800,
base,GameLite/GameData/RelationPrototypes.cfg,struct,Blinddog,Snork,<->,-800,
base,GameLite/GameData/RelationPrototypes.cfg,struct,Bayun,Snork,<->,-800,
base,GameLite/GameData/RelationPrototypes.cfg,struct,Pseudodog,Pseudodog,<->,800,
base,GameLite/GameData/RelationPrototypes.cfg,struct,Boar,Pseudodog,<->,-800,
base,GameLite/GameData/RelationPrototypes.cfg,struct,Flesh,Pseudodog,<->,-800,
base,GameLite/GameData/RelationPrototypes.cfg,struct,Deer,Pseudodog,<->,0,
base,GameLite/GameData/RelationPrototypes.cfg,struct,Rat,Pseudodog,<->,0,
base,GameLite/GameData/RelationPrototypes.cfg,struct,Tushkan,Pseudodog,<->,-800,
base,GameLite/GameData/RelationPrototypes.cfg,struct,Blinddog,Pseudodog,<->,0,
base,GameLite/GameData/RelationPrototypes.cfg,struct,Bayun,Pseudodog,<->,-800,
base,GameLite/GameData/RelationPrototypes.cfg,struct,Boar,Boar,<->,800,
base,GameLite/GameData/RelationPrototypes.cfg,struct,Flesh,Boar,<->,0,
base,GameLite/GameData/RelationPrototypes.cfg,struct,Deer,Boar,<->,0,
base,GameLite/GameData/RelationPrototypes.cfg,struct,Rat,Boar,<->,0,
base,GameLite/GameData/RelationPrototypes.cfg,struct,Tushkan,Boar,<->,-800,
base,GameLite/GameData/RelationPrototypes.cfg,struct,Blinddog,Boar,<->,-800,
base,GameLite/GameData/RelationPrototypes.cfg,struct,Bayun,Boar,<->,-800,
base,GameLite/GameData/RelationPrototypes.cfg,struct,Flesh,Flesh,<->,800,
base,GameLite/GameData/RelationPrototypes.cfg,struct,Deer,Flesh,<->,0,
base,GameLite/GameData/RelationPrototypes.cfg,struct,Rat,Flesh,<->,0,
base,GameLite/GameData/RelationPrototypes.cfg,struct,Tushkan,Flesh,<->,-800,
base,GameLite/GameData/RelationPrototypes.cfg,struct,Blinddog,Flesh,<->,-800,
base,GameLite/GameData/RelationPrototypes.cfg,struct,Bayun,Flesh,<->,-800,
base,GameLite/GameData/RelationPrototypes.cfg,struct,Deer,Deer,<->,800,
base,GameLite/GameData/RelationPrototypes.cfg,struct,Rat,Deer,<->,0,
base,GameLite/GameData/RelationPrototypes.cfg,struct,Tushkan,Deer,<->,0,
base,GameLite/GameData/RelationPrototypes.cfg,struct,Blinddog,Deer,<->,0,
base,GameLite/GameData/RelationPrototypes.cfg,struct,Bayun,Deer,<->,0,
base,GameLite/GameData/RelationPrototypes.cfg,struct,Rat,Rat,<->,800,
base,GameLite/GameData/RelationPrototypes.cfg,struct,Tushkan,Rat,<->,0,
base,GameLite/GameData/RelationPrototypes.cfg,struct,Blinddog,Rat,<->,0,
base,GameLite/GameData/RelationPrototypes.cfg,struct,Bayun,Rat,<->,0,
base,GameLite/GameData/RelationPrototypes.cfg,struct,Tushkan,Tushkan,<->,800,
base,GameLite/GameData/RelationPrototypes.cfg,struct,Blinddog,Tushkan,<->,-800,
base,GameLite/GameData/RelationPrototypes.cfg,struct,Bayun,Tushkan,<->,-800,
base,GameLite/GameData/RelationPrototypes.cfg,struct,Blinddog,Blinddog,<->,800,
base,GameLite/GameData/RelationPrototypes.cfg,struct,Bayun,Blinddog,<->,-800,
base,GameLite/GameData/RelationPrototypes.cfg,struct,Bayun,Bayun,<->,800,
base,GameLite/GameData/RelationPrototypes.cfg,struct,Player,Player,<->,0,
base,GameLite/GameData/RelationPrototypes.cfg,struct,Bandits,Duty,->,true,ExpansionPolicies/AttackLairRestrictions
base,GameLite/GameData/RelationPrototypes.cfg,struct,Bandits,Freedom,->,true,ExpansionPolicies/AttackLairRestrictions
base,GameLite/GameData/RelationPrototypes.cfg,struct,Bandits,Varta,->,true,ExpansionPolicies/AttackLairRestrictions
base,GameLite/GameData/RelationPrototypes.cfg,struct,Bandits,Neutrals,->,true,ExpansionPolicies/AttackLairRestrictions
base,GameLite/GameData/RelationPrototypes.cfg,struct,Bandits,Noon,->,true,ExpansionPolicies/AttackLairRestrictions
base,GameLite/GameData/RelationPrototypes.cfg,struct,Bandits,Scientists,->,true,ExpansionPolicies/AttackLairRestrictions
base,GameLite/GameData/RelationPrototypes.cfg,struct,Bandits,Mercenaries,->,true,ExpansionPolicies/AttackLairRestrictions
base,GameLite/GameData/RelationPrototypes.cfg,struct,Bandits,Spark,->,true,ExpansionPolicies/AttackLairRestrictions
base,GameLite/GameData/RelationPrototypes.cfg,struct,Bandits,Corpus,->,true,ExpansionPolicies/AttackLairRestrictions
base,GameLite/GameData/RelationPrototypes.cfg,struct,Bandits,Mutant,->,true,ExpansionPolicies/AttackLairRestrictions
base,GameLite/GameData/RelationPrototypes.cfg,struct,Monolith,Bandits,->,true,ExpansionPolicies/AttackLairRestrictions
base,GameLite/GameData/RelationPrototypes.cfg,struct,Monolith,Duty,->,true,ExpansionPolicies/AttackLairRestrictions
base,GameLite/GameData/RelationPrototypes.cfg,struct,Monolith,Freedom,->,true,ExpansionPolicies/AttackLairRestrictions
base,GameLite/GameData/RelationPrototypes.cfg,struct,Monolith,Varta,->,true,ExpansionPolicies/AttackLairRestrictions
base,GameLite/GameData/RelationPrototypes.cfg,struct,Monolith,Neutrals,->,true,ExpansionPolicies/AttackLairRestrictions
base,GameLite/GameData/RelationPrototypes.cfg,struct,Monolith,Militaries,->,true,ExpansionPolicies/AttackLairRestrictions
base,GameLite/GameData/RelationPrototypes.cfg,struct,Monolith,Noon,->,true,ExpansionPolicies/AttackLairRestrictions
base,GameLite/GameData/RelationPrototypes.cfg,struct,Monolith,Scientists,->,true,ExpansionPolicies/AttackLairRestrictions
base,GameLite/GameData/RelationPrototypes.cfg,struct,Monolith,Mercenaries,->,true,ExpansionPolicies/AttackLairRestrictions
base,GameLite/GameData/RelationPrototypes.cfg,struct,Monolith,Spark,->,true,ExpansionPolicies/AttackLairRestrictions
base,GameLite/GameData/RelationPrototypes.cfg,struct,Monolith,Corpus,->,true,ExpansionPolicies/AttackLairRestrictions
base,GameLite/GameData/RelationPrototypes.cfg,struct,Monolith,Mutant,->,true,ExpansionPolicies/AttackLairRestrictions
base,GameLite/GameData/RelationPrototypes.cfg,struct,Duty,Bandits,->,true,ExpansionPolicies/AttackLairRestrictions
base,GameLite/GameData/RelationPrototypes.cfg,struct,Duty,Monolith,->,true,ExpansionPolicies/AttackLairRestrictions
base,GameLite/GameData/RelationPrototypes.cfg,struct,Duty,Freedom,->,true,ExpansionPolicies/AttackLairRestrictions
base,GameLite/GameData/RelationPrototypes.cfg,struct,Duty,Mercenaries,->,true,ExpansionPolicies/AttackLairRestrictions
base,GameLite/GameData/RelationPrototypes.cfg,struct,Duty,Mutant,->,true,ExpansionPolicies/AttackLairRestrictions
base,GameLite/GameData/RelationPrototypes.cfg,struct,Freedom,Bandits,->,true,ExpansionPolicies/AttackLairRestrictions
base,GameLite/GameData/RelationPrototypes.cfg,struct,Freedom,Monolith,->,true,ExpansionPolicies/AttackLairRestrictions
base,GameLite/GameData/RelationPrototypes.cfg,struct,Freedom,Duty,->,true,ExpansionPolicies/AttackLairRestrictions
base,GameLite/GameData/RelationPrototypes.cfg,struct,Freedom,Mercenaries,->,true,ExpansionPolicies/AttackLairRestrictions
base,GameLite/GameData/RelationPrototypes.cfg,struct,Freedom,Mutant,->,true,ExpansionPolicies/AttackLairRestrictions
base,GameLite/GameData/RelationPrototypes.cfg,struct,Varta,Bandits,->,true,ExpansionPolicies/AttackLairRestrictions
base,GameLite/GameData/RelationPrototypes.cfg,struct,Varta,Monolith,->,true,ExpansionPolicies/AttackLairRestrictions
base,GameLite/GameData/RelationPrototypes.cfg,struct,Varta,Mercenaries,->,true,ExpansionPolicies/AttackLairRestrictions
base,GameLite/GameData/RelationPrototypes.cfg,struct,Varta,Spark,->,true,ExpansionPolicies/AttackLairRestrictions
base,GameLite/GameData/RelationPrototypes.cfg,struct,Varta,Mutant,->,true,ExpansionPolicies/AttackLairRestrictions
base,GameLite/GameData/RelationPrototypes.cfg,struct,Neutrals,Bandits,->,true,ExpansionPolicies/AttackLairRestrictions
base,GameLite/GameData/RelationPrototypes.cfg,struct,Neutrals,Monolith,->,true,ExpansionPolicies/AttackLairRestrictions
base,GameLite/GameData/RelationPrototypes.cfg,struct,Neutrals,Mercenaries,->,true,ExpansionPolicies/AttackLairRestrictions
base,GameLite/GameData/RelationPrototypes.cfg,struct,Neutrals,Mutant,->,true,ExpansionPolicies/AttackLairRestrictions
base,GameLite/GameData/RelationPrototypes.cfg,struct,Scientists,Mutant,->,true,ExpansionPolicies/AttackLairRestrictions
base,GameLite/GameData/RelationPrototypes.cfg,struct,Mercenaries,Bandits,->,true,ExpansionPolicies/AttackLairRestrictions
base,GameLite/GameData/RelationPrototypes.cfg,struct,Mercenaries,Monolith,->,true,ExpansionPolicies/AttackLairRestrictions
base,GameLite/GameData/RelationPrototypes.cfg,struct,Mercenaries,Duty,->,true,ExpansionPolicies/AttackLairRestrictions
base,GameLite/GameData/RelationPrototypes.cfg,struct,Mercenaries,Freedom,->,true,ExpansionPolicies/AttackLairRestrictions
base,GameLite/GameData/RelationPrototypes.cfg,struct,Mercenaries,Varta,->,true,ExpansionPolicies/AttackLairRestrictions
base,GameLite/GameData/RelationPrototypes.cfg,struct,Mercenaries,Neutrals,->,true,ExpansionPolicies/AttackLairRestrictions
base,GameLite/GameData/RelationPrototypes.cfg,struct,Mercenaries,Noon,->,true,ExpansionPolicies/AttackLairRestrictions
base,GameLite/GameData/RelationPrototypes.cfg,struct,Mercenaries,Scientists,->,true,ExpansionPolicies/AttackLairRestrictions
base,GameLite/GameData/RelationPrototypes.cfg,struct,Mercenaries,Spark,->,true,ExpansionPolicies/AttackLairRestrictions
base,GameLite/GameData/RelationPrototypes.cfg,struct,Mercenaries,Corpus,->,true,ExpansionPolicies/AttackLairRestrictions
base,GameLite/GameData/RelationPrototypes.cfg,struct,Mercenaries,Mutant,->,true,ExpansionPolicies/AttackLairRestrictions
base,GameLite/GameData/RelationPrototypes.cfg,struct,Spark,Monolith,->,true,ExpansionPolicies/AttackLairRestrictions
base,GameLite/GameData/RelationPrototypes.cfg,struct,Spark,Varta,->,true,ExpansionPolicies/AttackLairRestrictions
base,GameLite/GameData/RelationPrototypes.cfg,struct,Spark,Mutant,->,true,ExpansionPolicies/AttackLairRestrictions
base,GameLite/GameData/RelationPrototypes.cfg,struct,Corpus,Bandits,->,true,ExpansionPolicies/AttackLairRestrictions
base,GameLite/GameData/RelationPrototypes.cfg,struct,Corpus,Monolith,->,true,ExpansionPolicies/AttackLairRestrictions
base,GameLite/GameData/RelationPrototypes.cfg,struct,Corpus,Neutrals,->,true,ExpansionPolicies/AttackLairRestrictions
base,GameLite/GameData/RelationPrototypes.cfg,struct,Corpus,Mercenaries,->,true,ExpansionPolicies/AttackLairRestrictions
base,GameLite/GameData/RelationPrototypes.cfg,struct,Corpus,Mutant,->,true,ExpansionPolicies/AttackLairRestrictions
base,GameLite/GameData/RelationPrototypes.cfg,struct,Mutant,Bandits,->,true,ExpansionPolicies/AttackLairRestrictions
base,GameLite/GameData/RelationPrototypes.cfg,struct,Mutant,Monolith,->,true,ExpansionPolicies/AttackLairRestrictions
base,GameLite/GameData/RelationPrototypes.cfg,struct,Mutant,Duty,->,true,ExpansionPolicies/AttackLairRestrictions
base,GameLite/GameData/RelationPrototypes.cfg,struct,Mutant,Freedom,->,true,ExpansionPolicies/AttackLairRestrictions
base,GameLite/GameData/RelationPrototypes.cfg,struct,Mutant,Varta,->,true,ExpansionPolicies/AttackLairRestrictions
base,GameLite/GameData/RelationPrototypes.cfg,struct,Mutant,Neutrals,->,true,ExpansionPolicies/AttackLairRestrictions
base,GameLite/GameData/RelationPrototypes.cfg,struct,Mutant,Militaries,->,true,ExpansionPolicies/AttackLairRestrictions
base,GameLite/GameData/RelationPrototypes.cfg,struct,Mutant,Noon,->,true,ExpansionPolicies/AttackLairRestrictions
base,GameLite/GameData/RelationPrototypes.cfg,struct,Mutant,Scientists,->,true,ExpansionPolicies/AttackLairRestrictions
base,GameLite/GameData/RelationPrototypes.cfg,struct,Mutant,Mercenaries,->,true,ExpansionPolicies/AttackLairRestrictions
base,GameLite/GameData/RelationPrototypes.cfg,struct,Mutant,Spark,->,true,ExpansionPolicies/AttackLairRestrictions
base,GameLite/GameData/RelationPrototypes.cfg,struct,Mutant,Corpus,->,true,ExpansionPolicies/AttackLairRestrictions
base,GameLite/GameData/RelationPrototypes.cfg,struct,Mutant,Mutant,->,true,ExpansionPolicies/AttackLairRestrictions
DLC1,DLCGameData/DLC1/RelationPrototypes.cfg,struct,Duty_IHub,Player,<->,0,
DLC1,DLCGameData/DLC1/RelationPrototypes.cfg,struct,Duty_IHub,Duty_IHub,<->,800,
DLC1,DLCGameData/DLC1/RelationPrototypes.cfg,struct,Duty_IHub,Militaries,<->,0,
DLC1,DLCGameData/DLC1/RelationPrototypes.cfg,struct,Duty_IHub,Freedom,<->,0,
DLC1,DLCGameData/DLC1/RelationPrototypes.cfg,struct,Freedom_IHub,Player,<->,0,
DLC1,DLCGameData/DLC1/RelationPrototypes.cfg,struct,Freedom_IHub,Freedom_IHub,<->,800,
DLC1,DLCGameData/DLC1/RelationPrototypes.cfg,struct,Freedom_IHub,Militaries,<->,0,
DLC1,DLCGameData/DLC1/RelationPrototypes.cfg,struct,Freedom_IHub,Duty,<->,0,
DLC1,DLCGameData/DLC1/RelationPrototypes.cfg,struct,Zombie_CNPP,Player,<->,-800,
DLC1,DLCGameData/DLC1/RelationPrototypes.cfg,struct,Zombie_CNPP,Zombie_CNPP,<->,800,
DLC1,DLCGameData/DLC1/RelationPrototypes.cfg,struct,ZulusBoss_Faction,Player,<->,-1000,
DLC1,DLCGameData/DLC1/RelationPrototypes.cfg,struct,ZulusBoss_Faction,ZulusBoss_Faction,<->,800,
DLC1,DLCGameData/DLC1/RelationPrototypes.cfg,struct,MykluhaFreedom,Player,<->,0,
DLC1,DLCGameData/DLC1/RelationPrototypes.cfg,struct,MykluhaFreedom,MykluhaFreedom,<->,800,
DLC1,DLCGameData/DLC1/RelationPrototypes.cfg,struct,MykluhaFreedom,Duty,<->,0,
DLC1,DLCGameData/DLC1/RelationPrototypes.cfg,struct,MykluhaFreedom,Freedom,<->,-800,
DLC1,DLCGameData/DLC1/RelationPrototypes.cfg,struct,Mercenaries_Nord,Player,<->,-800,
DLC1,DLCGameData/DLC1/RelationPrototypes.cfg,struct,Mercenaries_Nord,Duty_IHub,<->,-800,
DLC1,DLCGameData/DLC1/RelationPrototypes.cfg,struct,Mercenaries_Nord,Freedom_IHub,<->,-800,
DLC1,DLCGameData/DLC1/RelationPrototypes.cfg,struct,Mercenaries_Nord,Zombie_CNPP,<->,-800,
DLC1,DLCGameData/DLC1/RelationPrototypes.cfg,struct,Mercenaries_Nord,ZulusBoss_Faction,<->,-800,
DLC1,DLCGameData/DLC1/RelationPrototypes.cfg,struct,Mercenaries_Nord,MykluhaFreedom,<->,-800,
DLC1,DLCGameData/DLC1/RelationPrototypes.cfg,struct,Mercenaries_Nord,Mercenaries_Nord,<->,800,
DLC1,DLCGameData/DLC1/RelationPrototypes.cfg,struct,Mercenaries_Nord,Militaries,<->,-800,
DLC1,DLCGameData/DLC1/RelationPrototypes.cfg,struct,Mercenaries_Nord,Duty,<->,-800,
DLC1,DLCGameData/DLC1/RelationPrototypes.cfg,struct,Mercenaries_Nord,Freedom,<->,-800,
DLC1,DLCGameData/DLC1/RelationPrototypes.cfg,struct,Snork,FW_Duty,->,false,ExpansionPolicies/AttackLairRestrictions
DLC1,DLCGameData/DLC1/RelationPrototypes.cfg,struct,Snork,FW_Freedom,->,false,ExpansionPolicies/AttackLairRestrictions
DLC1,DLCGameData/DLC1/Relations.csv,matrix,Duty_IHub,Player,<->,0,
DLC1,DLCGameData/DLC1/Relations.csv,matrix,Duty_IHub,Duty_IHub,<->,800,
DLC1,DLCGameData/DLC1/Relations.csv,matrix,Duty_IHub,Militaries,<->,0,
DLC1,DLCGameData/DLC1/Relations.csv,matrix,Duty_IHub,Freedom,<->,0,
DLC1,DLCGameData/DLC1/Relations.csv,matrix,Freedom_IHub,Player,<->,0,
DLC1,DLCGameData/DLC1/Relations.csv,matrix,Freedom_IHub,Freedom_IHub,<->,800,
DLC1,DLCGameData/DLC1/Relations.csv,matrix,Freedom_IHub,Militaries,<->,0,
DLC1,DLCGameData/DLC1/Relations.csv,matrix,Freedom_IHub,Duty,<->,0,
DLC1,DLCGameData/DLC1/Relations.csv,matrix,Zombie_CNPP,Player,<->,-800,
DLC1,DLCGameData/DLC1/Relations.csv,matrix,Zombie_CNPP,Zombie_CNPP,<->,800,
DLC1,DLCGameData/DLC1/Relations.csv,matrix,ZulusBoss_Faction,Player,<->,-1000,
DLC1,DLCGameData/DLC1/Relations.csv,matrix,ZulusBoss_Faction,ZulusBoss_Faction,<->,800,
DLC1,DLCGameData/DLC1/Relations.csv,matrix,MykluhaFreedom,Player,<->,0,
DLC1,DLCGameData/DLC1/Relations.csv,matrix,MykluhaFreedom,MykluhaFreedom,<->,800,
DLC1,DLCGameData/DLC1/Relations.csv,matrix,MykluhaFreedom,Duty,<->,0,
DLC1,DLCGameData/DLC1/Relations.csv,matrix,MykluhaFreedom,Freedom,<->,-800,
DLC1,DLCGameData/DLC1/Relations.csv,matrix,Mercenaries_Nord,Player,<->,-800,
DLC1,DLCGameData/DLC1/Relations.csv,matrix,Mercenaries_Nord,Duty_IHub,<->,-800,
DLC1,DLCGameData/DLC1/Relations.csv,matrix,Mercenaries_Nord,Freedom_IHub,<->,-800,
DLC1,DLCGameData/DLC1/Relations.csv,matrix,Mercenaries_Nord,Zombie_CNPP,<->,-800,
DLC1,DLCGameData/DLC1/Relations.csv,matrix,Mercenaries_Nord,ZulusBoss_Faction,<->,-800,
DLC1,DLCGameData/DLC1/Relations.csv,matrix,Mercenaries_Nord,MykluhaFreedom,<->,-800,
DLC1,DLCGameData/DLC1/Relations.csv,matrix,Mercenaries_Nord,Mercenaries_Nord,<->,800,
DLC1,DLCGameData/DLC1/Relations.csv,matrix,Mercenaries_Nord,Militaries,<->,-800,
DLC1,DLCGameData/DLC1/Relations.csv,matrix,Mercenaries_Nord,Duty,<->,-800,
DLC1,DLCGameData/DLC1/Relations.csv,matrix,Mercenaries_Nord,Freedom,<->,-800,
