EnumFamily,EnumValue,BaseGameCount,DLC1Count,DeluxeCount,UltimateCount,PreOrderCount,TotalCount,ExampleNodeSID,ExampleFile
EAIMovementPose,Stand,50,7,0,0,0,57,AI2QuestBP_FollowPlayer,GameLite/GameData/QuestNodePrototypes/AI2QuestBP.cfg
EApplyRestrictionType,LeaveSame,128,8,0,0,0,136,AI_QTC_LookAt_BP_NPCPlaceholder,GameLite/GameData/QuestNodePrototypes/AI_QTC.cfg
EAttractionPointType,FollowCharacterBone,63,4,0,0,0,67,AI_QTC_LookAt_BP_NPCPlaceholder8,GameLite/GameData/QuestNodePrototypes/AI_QTC.cfg
EAttractionPointType,StaticLocation,54,4,0,0,0,58,AI_QTC_LookAt_BP_NPCPlaceholder,GameLite/GameData/QuestNodePrototypes/AI_QTC.cfg
EAttractionPointType,ExitLookAt,10,0,0,0,0,10,E05_MQ01_LookAt_BP_NPC_VartaAlfa1_1,GameLite/GameData/QuestNodePrototypes/E05_MQ01.cfg
EAttractionPointType,FollowObject,1,0,0,0,0,1,SQ01_LookAt_DimaNistak,GameLite/GameData/QuestNodePrototypes/SQ01.cfg
EBehaviorType,Stay,4504,1779,6,0,0,6289,AI2QuestBP_Stay,GameLite/GameData/QuestNodePrototypes/AI2QuestBP.cfg
EBehaviorType,Kill,903,547,1,0,0,1451,A-life_interrupts_SetAIBehavior_BP_NPCPlaceholder72_1,GameLite/GameData/QuestNodePrototypes/A-life_interrupts.cfg
EBehaviorType,MoveTo,607,58,2,0,0,667,AI2QuestBPOLD_MoveNPCToLocation_not_set,GameLite/GameData/QuestNodePrototypes/AI2QuestBPOLD.cfg
EBehaviorType,Patrol,86,26,0,0,0,112,ConcretePlant_Hub_SetAIBehavior_BP_NPCPlaceholder7,GameLite/GameData/QuestNodePrototypes/ConcretePlant_Hub.cfg
EBehaviorType,ShootTarget,50,42,0,0,0,92,E01_MQ01_SetAIBehavior_BP_NPC_AliveMilitary_2,GameLite/GameData/QuestNodePrototypes/E01_MQ01.cfg
EBehaviorType,Escort,44,2,0,0,0,46,A-life_interrupts_SetAIBehavior_BP_NPCPlaceholder71,GameLite/GameData/QuestNodePrototypes/A-life_interrupts.cfg
EBehaviorType,Follow,25,2,0,0,0,27,AI2QuestBP_FollowPlayer,GameLite/GameData/QuestNodePrototypes/AI2QuestBP.cfg
EBehaviorType,Flee,13,0,0,0,0,13,AI2QuestBP_Flee,GameLite/GameData/QuestNodePrototypes/AI2QuestBP.cfg
EBehaviorType,Rest,7,5,0,0,0,12,AI2QuestBP_Rest,GameLite/GameData/QuestNodePrototypes/AI2QuestBP.cfg
EBehaviorType,UseAbility,8,0,0,0,0,8,Arch_Bossfight_Faust_SetAIBehavior_BP_NPC_Faust_mutant,GameLite/GameData/QuestNodePrototypes/Arch_Bossfight_Faust.cfg
EBehaviorType,Loot,0,6,0,0,0,6,DLC01_MQ11_B03_C02_SetAIBehavior_BP_NPC_DLC01_MQ11_B03_Golub_Phase3_Loot_BeforeTrigger,DLCGameData/DLC1/QuestNodePrototypes.cfg
EBehaviorType,Guard,4,0,0,0,0,4,AI2QuestBP_GuardPlayer_1,GameLite/GameData/QuestNodePrototypes/AI2QuestBP.cfg
EBehaviorType,Sleep,3,0,0,0,0,3,AI2QuestBP_Sleep,GameLite/GameData/QuestNodePrototypes/AI2QuestBP.cfg
EBehaviorType,Panic,2,0,0,0,0,2,AI2QuestBP_Panic,GameLite/GameData/QuestNodePrototypes/AI2QuestBP.cfg
EBehaviorType,Berserk,1,0,0,0,0,1,AI2QuestBP_Berserk,GameLite/GameData/QuestNodePrototypes/AI2QuestBP.cfg
EBehaviorType,Confused,1,0,0,0,0,1,AI2QuestBP_Confused,GameLite/GameData/QuestNodePrototypes/AI2QuestBP.cfg
EBehaviorType,Pacifist,1,0,0,0,0,1,AI2QuestBP_Pacifist,GameLite/GameData/QuestNodePrototypes/AI2QuestBP.cfg
EBrokenGameDataFilter,UnderDraftComment,1451,320,21,6,7,1805,ANCQ01_SetCharacterParam_BP_Squad_ANCQ01_BlindDogs,GameLite/GameData/QuestNodePrototypes/ANCQ01.cfg
EChangeValueMode,Set,1821,1284,68,41,24,3238,ANCQ01_SetCharacterParam_BP_Squad_ANCQ01_BlindDogs,GameLite/GameData/QuestNodePrototypes/ANCQ01.cfg
EChangeValueMode,Add,195,74,8,5,3,285,E03_MQ02_SetGlobalVariable_E03_MQ02_VartaHateLevel,GameLite/GameData/QuestNodePrototypes/E03_MQ02.cfg
EChangeValueMode,Subtract,58,6,13,6,4,87,E01_MQ01_Damage_3HP,GameLite/GameData/QuestNodePrototypes/E01_MQ01.cfg
EChangeValueMode,Divide,0,3,0,0,0,3,DLC01_MQ02_SetCharacterParam_BP_NPC_DLC01_MQ02_Polter_1,DLCGameData/DLC1/QuestNodePrototypes.cfg
EConditionCheckType,And,8260,2470,71,30,8,10839,ANCQ01_Technical_DogAttack_Pin_0,GameLite/GameData/QuestNodePrototypes/ANCQ01.cfg
EConditionCheckType,Or,703,297,5,3,1,1009,ANCQ01_Technical_DogsInjured_Pin_0,GameLite/GameData/QuestNodePrototypes/ANCQ01.cfg
EConditionComparance,Equal,8485,3002,156,95,27,11765,ANCQ01_Technical_DogAttack_Pin_0,GameLite/GameData/QuestNodePrototypes/ANCQ01.cfg
EConditionComparance,LessOrEqual,3823,860,33,1,14,4731,A-life_interrupts_If,GameLite/GameData/QuestNodePrototypes/A-life_interrupts.cfg
EConditionComparance,NotEqual,3195,1057,23,13,0,4288,ANCQ01_Technical_DogAttack_Pin_0,GameLite/GameData/QuestNodePrototypes/ANCQ01.cfg
EConditionComparance,GreaterOrEqual,2264,563,15,0,4,2846,ANCQ01_Technical_End_Pin_0,GameLite/GameData/QuestNodePrototypes/ANCQ01.cfg
EConditionComparance,Less,513,42,1,1,0,557,E01_MQ01_If,GameLite/GameData/QuestNodePrototypes/E01_MQ01.cfg
EConditionComparance,Greater,143,17,1,1,1,163,C_E09_MQ01_TheEnemyUnseen_Preloader_Repeat_Pin_0,GameLite/GameData/QuestNodePrototypes/C_E09_MQ01_TheEnemyUnseen_Preloader.cfg
EConsumableType,None,2,0,0,0,0,2,DevTestMap_TestTutor_1_Pin_0,GameLite/GameData/QuestNodePrototypes/DevTestMap.cfg
EDialogEventType,DefeatComment,4,4,0,0,0,8,E04_MQ02_DisableNPCBark_BP_NPC_Azimuth_Foma,GameLite/GameData/QuestNodePrototypes/E04_MQ02.cfg
EDialogEventType,Combat_Start,2,5,0,0,0,7,E04_MQ02_DisableNPCBark_BP_NPC_Azimuth_Foma,GameLite/GameData/QuestNodePrototypes/E04_MQ02.cfg
EDialogEventType,HitReaction_AverageDeath,3,4,0,0,0,7,SQ03_DisableNPCBark_BP_NPC_SQ03_Mastif,GameLite/GameData/QuestNodePrototypes/SQ03.cfg
EDialogEventType,HitReaction_Melee,0,7,0,0,0,7,DLC01_MQ03_DisableNPCBark_BP_NPC_DLC01_MQ03_Workshop_Zulus,DLCGameData/DLC1/QuestNodePrototypes.cfg
EDialogEventType,Combat_Action_EnemyGrenade,1,5,0,0,0,6,E04_MQ02_DisableNPCBark_BP_NPC_Azimuth_Foma,GameLite/GameData/QuestNodePrototypes/E04_MQ02.cfg
EDialogEventType,Combat_Action_FriendlyGrenade,1,5,0,0,0,6,E04_MQ02_DisableNPCBark_BP_NPC_Azimuth_Foma,GameLite/GameData/QuestNodePrototypes/E04_MQ02.cfg
EDialogEventType,Combat_EnemyFound,1,5,0,0,0,6,E04_MQ02_DisableNPCBark_BP_NPC_Azimuth_Foma,GameLite/GameData/QuestNodePrototypes/E04_MQ02.cfg
EDialogEventType,Combat_SearchEnd,1,5,0,0,0,6,E04_MQ02_DisableNPCBark_BP_NPC_Azimuth_Foma,GameLite/GameData/QuestNodePrototypes/E04_MQ02.cfg
EDialogEventType,Combat_Wounded_Knocked,1,5,0,0,0,6,EQ65_DisableNPCBark_BP_NPC_EQ65_Piavka,GameLite/GameData/QuestNodePrototypes/EQ65.cfg
EDialogEventType,HitReaction_Explosion,0,6,0,0,0,6,DLC01_MQ03_DisableNPCBark_BP_NPC_DLC01_MQ03_Workshop_Zulus,DLCGameData/DLC1/QuestNodePrototypes.cfg
EDialogEventType,HitReaction_WheezingDeath,2,4,0,0,0,6,EQ65_DisableNPCBark_BP_NPC_EQ65_Piavka,GameLite/GameData/QuestNodePrototypes/EQ65.cfg
EDialogEventType,Combat_Action_Reload,1,4,0,0,0,5,E04_MQ02_DisableNPCBark_BP_NPC_Azimuth_Foma,GameLite/GameData/QuestNodePrototypes/E04_MQ02.cfg
EDialogEventType,Combat_EnemySearch,1,4,0,0,0,5,E04_MQ02_DisableNPCBark_BP_NPC_Azimuth_Foma,GameLite/GameData/QuestNodePrototypes/E04_MQ02.cfg
EDialogEventType,Combat_Over,1,4,0,0,0,5,E04_MQ02_DisableNPCBark_BP_NPC_Azimuth_Foma,GameLite/GameData/QuestNodePrototypes/E04_MQ02.cfg
EDialogEventType,HitReaction_AgonyDeath,1,4,0,0,0,5,SQ88_DisableNPCBark_BP_NPC_SQ88_Novak,GameLite/GameData/QuestNodePrototypes/SQ88.cfg
EDialogEventType,HitReaction_InstaDeath,1,4,0,0,0,5,SQ88_DisableNPCBark_BP_NPC_SQ88_Novak,GameLite/GameData/QuestNodePrototypes/SQ88.cfg
EDialogEventType,Interact_Busy,2,3,0,0,0,5,SQ03_DisableNPCBark_BP_NPC_SQ03_Mastif,GameLite/GameData/QuestNodePrototypes/SQ03.cfg
EDialogEventType,Chatter,1,3,0,0,0,4,E08_MQ03_DisableNPCBark_BP_NPC_Dvupalov,GameLite/GameData/QuestNodePrototypes/E08_MQ03.cfg
EDialogEventType,Combat_Action_FriendlyDead,0,4,0,0,0,4,DLC01_MQ03_DisableNPCBark_BP_NPC_DLC01_MQ03_Workshop_Zulus,DLCGameData/DLC1/QuestNodePrototypes.cfg
EDialogEventType,Combat_Threats_AlertedSearchEnd,1,3,0,0,0,4,E04_MQ02_DisableNPCBark_BP_NPC_Azimuth_Foma,GameLite/GameData/QuestNodePrototypes/E04_MQ02.cfg
EDialogEventType,Combat_Zombie_Moan,2,2,0,0,0,4,E05_SQ01_NPCBark_BP_NPCPlaceholder_E05_SQ01_VartaGuy2,GameLite/GameData/QuestNodePrototypes/E05_SQ01.cfg
EDialogEventType,HitReaction_Bullet,0,4,0,0,0,4,DLC01_MQ03_DisableNPCBark_BP_NPC_DLC01_MQ03_Workshop_Zulus,DLCGameData/DLC1/QuestNodePrototypes.cfg
EDialogEventType,HitReaction_CarouselDeath,1,3,0,0,0,4,SQ88_DisableNPCBark_BP_NPC_SQ88_Novak,GameLite/GameData/QuestNodePrototypes/SQ88.cfg
EDialogEventType,Combat_Action_Cover,1,2,0,0,0,3,E04_MQ02_DisableNPCBark_BP_NPC_Azimuth_Foma,GameLite/GameData/QuestNodePrototypes/E04_MQ02.cfg
EDialogEventType,Combat_Action_Detour,1,2,0,0,0,3,E04_MQ02_DisableNPCBark_BP_NPC_Azimuth_Foma,GameLite/GameData/QuestNodePrototypes/E04_MQ02.cfg
EDialogEventType,Combat_Action_EnemyDead,0,3,0,0,0,3,DLC01_MQ03_DisableNPCBark_BP_NPC_DLC01_MQ03_Workshop_Zulus,DLCGameData/DLC1/QuestNodePrototypes.cfg
EDialogEventType,Combat_Action_EnemyHit,1,2,0,0,0,3,E04_MQ02_DisableNPCBark_BP_NPC_Azimuth_Foma,GameLite/GameData/QuestNodePrototypes/E04_MQ02.cfg
EDialogEventType,Combat_Action_FireSupression,1,2,0,0,0,3,E04_MQ02_DisableNPCBark_BP_NPC_Azimuth_Foma,GameLite/GameData/QuestNodePrototypes/E04_MQ02.cfg
EDialogEventType,Combat_Action_Flank,1,2,0,0,0,3,E04_MQ02_DisableNPCBark_BP_NPC_Azimuth_Foma,GameLite/GameData/QuestNodePrototypes/E04_MQ02.cfg
EDialogEventType,Combat_Action_FriendlyHit,1,2,0,0,0,3,E04_MQ02_DisableNPCBark_BP_NPC_Azimuth_Foma,GameLite/GameData/QuestNodePrototypes/E04_MQ02.cfg
EDialogEventType,Combat_Action_Move,1,2,0,0,0,3,E04_MQ02_DisableNPCBark_BP_NPC_Azimuth_Foma,GameLite/GameData/QuestNodePrototypes/E04_MQ02.cfg
EDialogEventType,Combat_EnemyRetreat,1,2,0,0,0,3,E04_MQ02_DisableNPCBark_BP_NPC_Azimuth_Foma,GameLite/GameData/QuestNodePrototypes/E04_MQ02.cfg
EDialogEventType,Combat_SelfRetreat,1,2,0,0,0,3,E04_MQ02_DisableNPCBark_BP_NPC_Azimuth_Foma,GameLite/GameData/QuestNodePrototypes/E04_MQ02.cfg
EDialogEventType,Combat_Threats_AlertedSearch,1,2,0,0,0,3,E04_MQ02_DisableNPCBark_BP_NPC_Azimuth_Foma,GameLite/GameData/QuestNodePrototypes/E04_MQ02.cfg
EDialogEventType,Combat_Threats_EnemySearch,1,2,0,0,0,3,E04_MQ02_DisableNPCBark_BP_NPC_Azimuth_Foma,GameLite/GameData/QuestNodePrototypes/E04_MQ02.cfg
EDialogEventType,Combat_Threats_ThreatDetected,1,2,0,0,0,3,E04_MQ02_DisableNPCBark_BP_NPC_Azimuth_Foma,GameLite/GameData/QuestNodePrototypes/E04_MQ02.cfg
EDialogEventType,Combat_Wounded_GoingToHeal,1,2,0,0,0,3,EQ65_DisableNPCBark_BP_NPC_EQ65_Piavka,GameLite/GameData/QuestNodePrototypes/EQ65.cfg
EDialogEventType,Combat_Wounded_HealingGratitude,0,3,0,0,0,3,DLC01_MQ03_DisableNPCBark_BP_NPC_DLC01_MQ03_Workshop_Zulus,DLCGameData/DLC1/QuestNodePrototypes.cfg
EDialogEventType,Combat_Zombie_Attack,1,2,0,0,0,3,E05_SQ01_NPCBark_BP_NPCPlaceholder_E05_SQ01_VartaGuy3,GameLite/GameData/QuestNodePrototypes/E05_SQ01.cfg
EDialogEventType,HitReaction_Anomaly,0,3,0,0,0,3,DLC01_MQ03_DisableNPCBark_BP_NPC_DLC01_MQ03_Workshop_Zulus,DLCGameData/DLC1/QuestNodePrototypes.cfg
EDialogEventType,HitReaction_Transformation,0,3,0,0,0,3,DLC01_MQ03_DisableNPCBark_BP_NPC_DLC01_MQ03_Workshop_Zulus,DLCGameData/DLC1/QuestNodePrototypes.cfg
EDialogEventType,CallPlayer,0,2,0,0,0,2,DLC01_MQ03_DisableNPCBark_BP_NPC_DLC01_MQ03_Workshop_Zulus,DLCGameData/DLC1/QuestNodePrototypes.cfg
EDialogEventType,Combat_Action_FriendlyFire,0,2,0,0,0,2,DLC01_MQ03_DisableNPCBark_BP_NPC_DLC01_MQ03_Workshop_Zulus,DLCGameData/DLC1/QuestNodePrototypes.cfg
EDialogEventType,Combat_Wounded_Grunt_HealReceive,0,2,0,0,0,2,DLC01_MQ03_DisableNPCBark_BP_NPC_DLC01_MQ03_Workshop_Zulus,DLCGameData/DLC1/QuestNodePrototypes.cfg
EDialogEventType,DialogAction_Laugh,0,2,0,0,0,2,DLC01_MQ03_DisableNPCBark_BP_NPC_DLC01_MQ03_Workshop_Zulus,DLCGameData/DLC1/QuestNodePrototypes.cfg
EDialogEventType,Emission_LeaderEnd,0,2,0,0,0,2,DLC01_MQ03_DisableNPCBark_BP_NPC_DLC01_MQ03_Workshop_Zulus,DLCGameData/DLC1/QuestNodePrototypes.cfg
EDialogEventType,Emission_LeaderStart,0,2,0,0,0,2,DLC01_MQ03_DisableNPCBark_BP_NPC_DLC01_MQ03_Workshop_Zulus,DLCGameData/DLC1/QuestNodePrototypes.cfg
EDialogEventType,HitReaction_Mutant,0,2,0,0,0,2,DLC01_MQ03_DisableNPCBark_BP_NPC_DLC01_MQ03_Workshop_Zulus,DLCGameData/DLC1/QuestNodePrototypes.cfg
EDialogEventType,Interact_Bump,0,2,0,0,0,2,DLC01_MQ03_DisableNPCBark_BP_NPC_DLC01_MQ03_Workshop_Zulus,DLCGameData/DLC1/QuestNodePrototypes.cfg
EDialogEventType,Interact_Friendly,0,2,0,0,0,2,DLC01_MQ03_DisableNPCBark_BP_NPC_DLC01_MQ03_Workshop_Zulus,DLCGameData/DLC1/QuestNodePrototypes.cfg
EDialogEventType,Interact_HideWeapon,0,2,0,0,0,2,DLC01_MQ03_DisableNPCBark_BP_NPC_DLC01_MQ03_Workshop_Zulus,DLCGameData/DLC1/QuestNodePrototypes.cfg
EDialogEventType,Interact_Neutral,0,2,0,0,0,2,DLC01_MQ03_DisableNPCBark_BP_NPC_DLC01_MQ03_Workshop_Zulus,DLCGameData/DLC1/QuestNodePrototypes.cfg
EDialogEventType,Interact_NonFriendly,0,2,0,0,0,2,DLC01_MQ03_DisableNPCBark_BP_NPC_DLC01_MQ03_Workshop_Zulus,DLCGameData/DLC1/QuestNodePrototypes.cfg
EDialogEventType,Interact_SpeakToLeader,0,2,0,0,0,2,DLC01_MQ03_DisableNPCBark_BP_NPC_DLC01_MQ03_Workshop_Zulus,DLCGameData/DLC1/QuestNodePrototypes.cfg
EDialogEventType,Joke,0,2,0,0,0,2,DLC01_MQ03_DisableNPCBark_BP_NPC_DLC01_MQ03_Workshop_Zulus,DLCGameData/DLC1/QuestNodePrototypes.cfg
EDialogEventType,Peaceful_CorpseHubComment,0,2,0,0,0,2,DLC01_MQ03_DisableNPCBark_BP_NPC_DLC01_MQ03_Workshop_Zulus,DLCGameData/DLC1/QuestNodePrototypes.cfg
EDialogEventType,Peaceful_DropCorpse,0,2,0,0,0,2,DLC01_MQ03_DisableNPCBark_BP_NPC_DLC01_MQ03_Workshop_Zulus,DLCGameData/DLC1/QuestNodePrototypes.cfg
EDialogEventType,Peaceful_LootingEnemyCorpse,0,2,0,0,0,2,DLC01_MQ03_DisableNPCBark_BP_NPC_DLC01_MQ03_Workshop_Zulus,DLCGameData/DLC1/QuestNodePrototypes.cfg
EDialogEventType,Peaceful_LootingFriendlyCorpse,0,2,0,0,0,2,DLC01_MQ03_DisableNPCBark_BP_NPC_DLC01_MQ03_Workshop_Zulus,DLCGameData/DLC1/QuestNodePrototypes.cfg
EDialogEventType,Relax_EmissionFirstMessage,0,2,0,0,0,2,DLC01_MQ03_DisableNPCBark_BP_NPC_DLC01_MQ03_Workshop_Zulus,DLCGameData/DLC1/QuestNodePrototypes.cfg
EDialogEventType,Relax_EmissionSecondMessage,0,2,0,0,0,2,DLC01_MQ03_DisableNPCBark_BP_NPC_DLC01_MQ03_Workshop_Zulus,DLCGameData/DLC1/QuestNodePrototypes.cfg
EDialogEventType,Relax_EmissionThirdMessage,0,2,0,0,0,2,DLC01_MQ03_DisableNPCBark_BP_NPC_DLC01_MQ03_Workshop_Zulus,DLCGameData/DLC1/QuestNodePrototypes.cfg
EDialogEventType,RunOn,0,2,0,0,0,2,DLC01_MQ03_DisableNPCBark_BP_NPC_DLC01_MQ03_Workshop_Zulus,DLCGameData/DLC1/QuestNodePrototypes.cfg
EEmissionStage,ShockWave,9,1,0,0,0,10,EQ11_OnEmissionStageActivated,GameLite/GameData/QuestNodePrototypes/EQ11.cfg
EEmissionStage,ActivateQuest,5,1,0,0,0,6,EQ11_OnEmissionStageActivated_CA,GameLite/GameData/QuestNodePrototypes/EQ11.cfg
EEmissionStage,AfterTheStorm,3,0,0,0,0,3,QTC_Emission_OnEmissionStageActivated_4,GameLite/GameData/QuestNodePrototypes/QTC_Emission.cfg
EEmissionStage,Active,2,0,0,0,0,2,QTC_Emission_OnEmissionStageActivated_3,GameLite/GameData/QuestNodePrototypes/QTC_Emission.cfg
EEmissionStage,BeforeTheStorm,2,0,0,0,0,2,QTC_Emission_OnEmissionStageActivated,GameLite/GameData/QuestNodePrototypes/QTC_Emission.cfg
EFlashlightAction,TurnOff,30,25,0,0,0,55,C_E02_MQ01_ToughAwakening_Cutscene_FlashlightOnOff_BP_NPC_Richter,GameLite/GameData/QuestNodePrototypes/C_E02_MQ01_ToughAwakening_Cutscene.cfg
EFlashlightAction,TurnOn,7,7,0,0,0,14,C_E05_MQ02_ThatNimble_Cutscene_FlashlightOnOff_Player,GameLite/GameData/QuestNodePrototypes/C_E05_MQ02_ThatNimble_Cutscene.cfg
EFlashlightAction,Disable,1,0,0,0,0,1,QTC_SaveLoad_FlashlightOnOff_Player,GameLite/GameData/QuestNodePrototypes/QTC_SaveLoad.cfg
EFleeType,FleeFromCurrentLocation,9,0,0,0,0,9,ClothSimulationContainer_2_SetAIBehavior_BP_NPCPlaceholder,GameLite/GameData/QuestNodePrototypes/ClothSimulationContainer_2.cfg
EFleeType,FleeFromPlayer,4,0,0,0,0,4,AI2QuestBP_Flee,GameLite/GameData/QuestNodePrototypes/AI2QuestBP.cfg
EGSCTeleportType,None,961,446,20,6,4,1437,ANCQ01_TeleportCharacter_Start,GameLite/GameData/QuestNodePrototypes/ANCQ01.cfg
EGSCTeleportType,Classic,15,33,0,0,0,48,E08_MQ01_TeleportCharacter_PlayerToContainers,GameLite/GameData/QuestNodePrototypes/E08_MQ01.cfg
EGSCTeleportType,Instant,26,13,0,0,0,39,Bench_Daily_Perfomance_Check_TeleportCharacter_Player,GameLite/GameData/QuestNodePrototypes/Bench_Daily_Perfomance_Check.cfg
EGSCTeleportType,Default,8,7,0,0,0,15,E06_MQ02_TeleportCharacter_PlayerAfterIllusion,GameLite/GameData/QuestNodePrototypes/E06_MQ02.cfg
EGSCTeleportType,Immersive,8,0,0,0,0,8,C_E08_MQ06_DeathOfFaust_Cutscene_TeleportCharacter_Player,GameLite/GameData/QuestNodePrototypes/C_E08_MQ06_DeathOfFaust_Cutscene.cfg
EGSCTeleportType,Bubble,0,2,0,0,0,2,DLC01_MQ06_TeleportCharacter_Player_TachenkoMemorial,DLCGameData/DLC1/QuestNodePrototypes.cfg
EGSCTeleportType,Quest,2,0,0,0,0,2,Arch_Bossfight_Faust_TeleportCharacter_Player,GameLite/GameData/QuestNodePrototypes/Arch_Bossfight_Faust.cfg
EGameDifficulty,Hard,0,1,0,0,0,1,DLC01_CNPP_L_If_Difficulty_Difficulty_Hard,DLCGameData/DLC1/QuestNodePrototypes.cfg
EGameDifficulty,Medium,0,1,0,0,0,1,DLC01_CNPP_L_If_Difficulty_Medium,DLCGameData/DLC1/QuestNodePrototypes.cfg
EGameDifficulty,Stalker,0,1,0,0,0,1,DLC01_CNPP_L_If_Difficulty_Difficulty_Stalker,DLCGameData/DLC1/QuestNodePrototypes.cfg
EGlobalVariableType,String,615,68,29,19,0,731,ANCQ103_If,GameLite/GameData/QuestNodePrototypes/ANCQ103.cfg
EGlobalVariableType,Int,592,63,29,19,0,703,ANCQ103_If,GameLite/GameData/QuestNodePrototypes/ANCQ103.cfg
EGoalPriority,HigherThanALife,4423,1974,7,0,0,6404,A-life_interrupts_SetAIBehavior_BP_NPCPlaceholder71,GameLite/GameData/QuestNodePrototypes/A-life_interrupts.cfg
EGoalPriority,HigherThanCombat,834,165,1,0,0,1000,AI2QuestBP_FollowPlayer,GameLite/GameData/QuestNodePrototypes/AI2QuestBP.cfg
EGoalPriority,HigherThanAnomaly,333,212,0,0,0,545,AI_QTC_SetAIBehavior_not_set!_1,GameLite/GameData/QuestNodePrototypes/AI_QTC.cfg
EGoalPriority,HigherThanThreat,428,26,1,0,0,455,ALifeGym_QuestBP_SetAIBehavior_BP_SquadPlaceholder,GameLite/GameData/QuestNodePrototypes/ALifeGym_QuestBP.cfg
EGoalPriority,HigherThanEmission,241,90,0,0,0,331,E04_MQ01_SetAIBehavior_BP_NPC_Strider_3,GameLite/GameData/QuestNodePrototypes/E04_MQ01.cfg
EGuardType,GuardTarget,2,0,0,0,0,2,AI2QuestBP_GuardNPC_1,GameLite/GameData/QuestNodePrototypes/AI2QuestBP.cfg
EGuardType,GuardPlayer,1,0,0,0,0,1,AI2QuestBP_GuardPlayer_1,GameLite/GameData/QuestNodePrototypes/AI2QuestBP.cfg
EGuardType,GuardZone,1,0,0,0,0,1,AI2QuestBP_GuardZone_1,GameLite/GameData/QuestNodePrototypes/AI2QuestBP.cfg
EHealingType,HoldComponent,18,16,0,0,0,34,E03_MQ05_P_SetWounded_BP_NPC_Maloi_True,GameLite/GameData/QuestNodePrototypes/E03_MQ05_P.cfg
EHealingType,Quest,22,1,0,0,0,23,E02_SQ01_SetWounded_Gloomy,GameLite/GameData/QuestNodePrototypes/E02_SQ01.cfg
EHealingType,Dialog,11,0,0,0,0,11,E04_MQ02_SetWounded_Foma,GameLite/GameData/QuestNodePrototypes/E04_MQ02.cfg
EHideViewType,Unhide,287,172,1,0,0,460,Arch_Bossfight_Faust_ToggleNPCHidden_FaustUnhide,GameLite/GameData/QuestNodePrototypes/Arch_Bossfight_Faust.cfg
EHideViewType,ForceHide,264,102,0,0,0,366,Arch_Bossfight_Faust_ToggleNPCHidden_FaustForceHide,GameLite/GameData/QuestNodePrototypes/Arch_Bossfight_Faust.cfg
EHideViewType,Hide,60,8,2,0,0,70,E02_MQ03_C05_ToggleNPCHidden_Richter_Hide,GameLite/GameData/QuestNodePrototypes/E02_MQ03_C05.cfg
EIgnoreDamageType,None,4370,1363,20,3,2,5758,A-life_interrupts_SpawnObjectNPCMonster_BP_SquadPlaceholder21,GameLite/GameData/QuestNodePrototypes/A-life_interrupts.cfg
EIgnoreDamageType,Invulnerable,333,160,0,0,0,493,AI2QuestBP_SpawnObjectNPCMonster_not_set!_3,GameLite/GameData/QuestNodePrototypes/AI2QuestBP.cfg
EIgnoreDamageType,Unkillable,121,75,0,0,0,196,A-life_interrupts_SpawnObjectNPCMonster_BP_NPCPlaceholder71,GameLite/GameData/QuestNodePrototypes/A-life_interrupts.cfg
EIgnoreDamageType,Unfocusable,55,67,0,0,0,122,C_E10_MQ03_ScarOrbita_SpawnObjectNPCMonster_not_set!,GameLite/GameData/QuestNodePrototypes/C_E10_MQ03_ScarOrbita.cfg
EIgnoreDamageType,IgnoreFallDamage,0,1,0,0,0,1,DLC01_SQ09_SetCharacterParam_BP_NPCPlaceholder_Hrom-Merc,DLCGameData/DLC1/QuestNodePrototypes.cfg
EIgnoreDamageType,IgnorePSY,1,0,0,0,0,1,ANCQ02_SetCharacterParam_BP_NPC_ANCQ02_Leshyi,GameLite/GameData/QuestNodePrototypes/ANCQ02.cfg
EJournalAction,Start,2000,559,25,13,5,2602,E01_MQ01_EnterTheZone_Start,GameLite/GameData/QuestNodePrototypes/E01_MQ01.cfg
EJournalAction,Finish,1677,495,22,11,5,2210,E01_MQ01_EnterTheZone_Finish,GameLite/GameData/QuestNodePrototypes/E01_MQ01.cfg
EJournalAction,Cancel,522,72,4,1,0,599,E01_MQ01_SetJournal_E01_MQ01_CaveScanningPoint,GameLite/GameData/QuestNodePrototypes/E01_MQ01.cfg
EJournalAction,Fail,256,38,4,0,0,298,E01_MQ01_Fail_LeaveScannerZone,GameLite/GameData/QuestNodePrototypes/E01_MQ01.cfg
EJournalAction,ChangeStageDescription,0,2,0,0,0,2,DLC01_MQ10_B01_C01_SetJournal_ChangeDescription_TalkZulus,DLCGameData/DLC1/QuestNodePrototypes.cfg
EJournalEntity,QuestStage,4431,1283,52,22,9,5797,Arch_L_Assault_E08_SendSignal_BP_DoorView.ForceCloseDoorReceiver_3_Pin_0,GameLite/GameData/QuestNodePrototypes/Arch_L_Assault_E08.cfg
EJournalEntity,Quest,1299,365,18,5,5,1692,ANCQ28_Technical_SpawnItems_WildIsland_Pin_0,GameLite/GameData/QuestNodePrototypes/ANCQ28.cfg
EJournalState,Active,885,326,11,1,1,1224,Arch_L_SendSignal_KillVolume_Duga_Global_01.ActivateVolumeSignal_Pin_0,GameLite/GameData/QuestNodePrototypes/Arch_L.cfg
EJournalState,Finished,245,127,2,1,2,377,ANCQ28_Technical_SpawnItems_WildIsland_Pin_0,GameLite/GameData/QuestNodePrototypes/ANCQ28.cfg
EJournalState,Pending,82,22,1,0,1,106,E01_MQ01_If_4,GameLite/GameData/QuestNodePrototypes/E01_MQ01.cfg
EJournalState,Cancelled,35,6,0,0,0,41,E02_MQ03_C05_SetJournal_E02_MQ03_FindPripoyMarked_2_Pin_0,GameLite/GameData/QuestNodePrototypes/E02_MQ03_C05.cfg
EJournalState,Failed,28,1,1,0,0,30,E01_MQ01_If_DistanceTooCloseToScanner_7,GameLite/GameData/QuestNodePrototypes/E01_MQ01.cfg
ELoadingDestination,BridgeBetweenCutscenes,8,0,0,0,0,8,C_E14_MQ03_01_FoundationC_Part2_Cutscene_ShowLoadingScreen,GameLite/GameData/QuestNodePrototypes/C_E14_MQ03_01_FoundationC_Part2_Cutscene.cfg
ELoadingDestination,WhiteBridgeBetweenCutscenes,2,0,0,0,0,2,C_E10_MQ02_StriderOrbita_ShowLoadingScreen,GameLite/GameData/QuestNodePrototypes/C_E10_MQ02_StriderOrbita.cfg
ELoadingDestination,IntroductionLogo,1,0,0,0,0,1,C_E01_MQ01_Assault_Cutscene_ShowLoadingScreen,GameLite/GameData/QuestNodePrototypes/C_E01_MQ01_Assault_Cutscene.cfg
ELoadingDestination,None,1,0,0,0,0,1,E11_MQ03_ShowLoadingScreen,GameLite/GameData/QuestNodePrototypes/E11_MQ03.cfg
EMainHandEquipmentType,PrimaryWeapon,27,6,0,0,0,33,Bossfight_EquipTEST_EquipItemInHands_GunFora_ST,GameLite/GameData/QuestNodePrototypes/Bossfight_EquipTEST.cfg
EMainHandEquipmentType,Pistol,16,0,0,0,0,16,Bossfight_EquipTEST_EquipItemInHands_GunM10_HG,GameLite/GameData/QuestNodePrototypes/Bossfight_EquipTEST.cfg
EMainHandEquipmentType,Item,6,5,0,0,0,11,E01_MQ01_EquipItemInHands_EchoE01,GameLite/GameData/QuestNodePrototypes/E01_MQ01.cfg
EMainHandEquipmentType,Bolt,9,0,0,0,0,9,E02_MQ01_EquipItemInHands,GameLite/GameData/QuestNodePrototypes/E02_MQ01.cfg
EMainHandEquipmentType,SecondaryWeapon,7,1,0,0,0,8,Bossfight_EquipTEST_EquipItemInHands_GunRam2_SG,GameLite/GameData/QuestNodePrototypes/Bossfight_EquipTEST.cfg
EMainHandEquipmentType,Knife,4,0,0,0,0,4,GDTQ00_BP_ShowTutorialWidget_KnifeHit_Pin_0,GameLite/GameData/QuestNodePrototypes/GDTQ00_BP.cfg
EMainHandEquipmentType,Grenade,1,0,0,0,0,1,GDTQ01_BP_ShowTutorialWidget_WeaponHide_Pin_0,GameLite/GameData/QuestNodePrototypes/GDTQ01_BP.cfg
EModifiedCharacterParam,IgnoreDamageType,227,188,0,0,0,415,ANCQ02_SetCharacterParam_BP_NPC_ANCQ02_Leshyi,GameLite/GameData/QuestNodePrototypes/ANCQ02.cfg
EModifiedCharacterParam,HP,295,80,1,0,0,376,ANCQ01_SetCharacterParam_BP_Squad_ANCQ01_BlindDogs,GameLite/GameData/QuestNodePrototypes/ANCQ01.cfg
EModifiedCharacterParam,HPPercent,51,13,0,0,0,64,Arch_Bossfight_Faust_SetCharacterParam_Player,GameLite/GameData/QuestNodePrototypes/Arch_Bossfight_Faust.cfg
EModifiedCharacterParam,Zombie,39,3,0,0,0,42,Bossfight_EquipTEST_SetCharacterParam_BP_DeadBody_ZombieTest4,GameLite/GameData/QuestNodePrototypes/Bossfight_EquipTEST.cfg
EModifiedCharacterParam,Rank,32,5,0,0,0,37,Arch_L_SetCharacterParam_Player,GameLite/GameData/QuestNodePrototypes/Arch_L.cfg
EModifiedCharacterParam,Money,20,5,0,0,0,25,E07_SQ01_GiveMoney_Player,GameLite/GameData/QuestNodePrototypes/E07_SQ01.cfg
EModifiedCharacterParam,Bleeding,6,0,0,0,0,6,Arch_Bossfight_Faust_SetCharacterParam_Player,GameLite/GameData/QuestNodePrototypes/Arch_Bossfight_Faust.cfg
EModifiedCharacterParam,HungerPoints,6,0,0,0,0,6,E01_MQ01_SetCharacterParam_Player_Hunger_Zero,GameLite/GameData/QuestNodePrototypes/E01_MQ01.cfg
EModifiedCharacterParam,Radiation,6,0,0,0,0,6,Arch_Bossfight_Faust_SetCharacterParam_Player,GameLite/GameData/QuestNodePrototypes/Arch_Bossfight_Faust.cfg
EModifiedCharacterParam,Sleepiness,5,0,0,0,0,5,E11_MQ03_SetPlayerStates_toNorm,GameLite/GameData/QuestNodePrototypes/E11_MQ03.cfg
EModifiedCharacterParam,InventoryWeight,2,0,0,0,0,2,Test_Conditions_InventoryWeightPlayer,GameLite/GameData/QuestNodePrototypes/Test_Conditions.cfg
EModifiedCharacterParam,SP,2,0,0,0,0,2,E07_SQ01_SetCharacterParam_Player,GameLite/GameData/QuestNodePrototypes/E07_SQ01.cfg
EModifyAbilitySequenceQuestNodeMode,AddAbility,6,5,0,0,0,11,Arch_Bossfight_Faust_SetNPCSequentialAbility_Add_Human_CombatPSYAttack,GameLite/GameData/QuestNodePrototypes/Arch_Bossfight_Faust.cfg
EModifyAbilitySequenceQuestNodeMode,RemoveAbility,7,1,0,0,0,8,Arch_Bossfight_Faust_SetNPCSequentialAbility_Remove_Human_CombatPSYAttack,GameLite/GameData/QuestNodePrototypes/Arch_Bossfight_Faust.cfg
EMovementBehaviour,Walk,4517,1665,7,0,0,6189,AI2QuestBP_Stay,GameLite/GameData/QuestNodePrototypes/AI2QuestBP.cfg
EMovementBehaviour,Run,592,212,1,0,0,805,A-life_interrupts_SetAIBehavior_BP_NPCPlaceholder71,GameLite/GameData/QuestNodePrototypes/A-life_interrupts.cfg
EMovementBehaviour,Sprint,75,7,0,0,0,82,ALifeGym_QuestBP_SetAIBehavior_BP_SquadPlaceholder,GameLite/GameData/QuestNodePrototypes/ALifeGym_QuestBP.cfg
EMovementBehaviour,Idle,53,4,0,0,0,57,E02_SQ01_SetAIBehavior_BanditPressing,GameLite/GameData/QuestNodePrototypes/E02_SQ01.cfg
EOverrideDialogTopic,Forced,4341,1472,23,0,0,5836,A-life_interrupts_SetDialog_Alaf_scen_begin,GameLite/GameData/QuestNodePrototypes/A-life_interrupts.cfg
EOverrideDialogTopic,Info,714,233,1,0,0,948,ANCQ03_P_SetDialog_ANCQ03_cernysov_1_InfoTopic_1,GameLite/GameData/QuestNodePrototypes/ANCQ03_P.cfg
EOverrideDialogTopic,Busy,535,231,1,0,0,767,ANCQ03_P_SetDialog_ANCQ03_cernysov_1_BusyTopic,GameLite/GameData/QuestNodePrototypes/ANCQ03_P.cfg
EOverrideDialogTopic,Hello,551,172,1,0,0,724,ANCQ03_P_SetDialog_ANCQ03_cernysov_1_HelloTopic,GameLite/GameData/QuestNodePrototypes/ANCQ03_P.cfg
EOverrideDialogTopic,Bye,521,173,1,0,0,695,ANCQ03_P_SetDialog_ANCQ03_cernysov_1_ByeTopic,GameLite/GameData/QuestNodePrototypes/ANCQ03_P.cfg
EOverrideDialogTopic,None,514,92,2,0,0,608,BodyParts_Malahit_SetDialog_EQ197_QD_Orders,GameLite/GameData/QuestNodePrototypes/BodyParts_Malahit.cfg
EOverrideDialogTopic,Resume,398,160,1,0,0,559,ANCQ03_P_SetDialog_ANCQ03_cernysov_1_ResumeComment,GameLite/GameData/QuestNodePrototypes/ANCQ03_P.cfg
EOverrideDialogTopic,DefeatComment,356,102,1,0,0,459,ANCQ03_P_SetDialog_ANCQ03_cernysov_1_DefeatTopic,GameLite/GameData/QuestNodePrototypes/ANCQ03_P.cfg
EOverrideDialogTopic,Trade,102,25,0,0,0,127,ConcretePlant_Hub_SetDialog_ConcretePlant_Hub_gera_0_TradeTopic,GameLite/GameData/QuestNodePrototypes/ConcretePlant_Hub.cfg
EOverrideDialogTopic,Defeat,76,11,1,0,0,88,E02_MQ01_SetDialog_E02_MQ01_rihter_0_DefeatTopic,GameLite/GameData/QuestNodePrototypes/E02_MQ01.cfg
EOverrideDialogTopic,Upgrade,27,14,0,0,0,41,ConcretePlant_Hub_SetDialog_ConcretePlant_Hub_serzant_hmaruk_0_UpgradeTopic,GameLite/GameData/QuestNodePrototypes/ConcretePlant_Hub.cfg
EOverrideDialogTopic,Travel,15,4,0,0,0,19,ConcretePlant_Hub_SetDialog_ConcretePlant_Hub_marsal_0_TravelTopic,GameLite/GameData/QuestNodePrototypes/ConcretePlant_Hub.cfg
EOverrideDialogTopic,CallPlayerComment,9,0,1,0,0,10,E03_MQ01_SetDialog_E03_MQ01_bogdan_mehanik_0_DefeatComment,GameLite/GameData/QuestNodePrototypes/E03_MQ01.cfg
EQuestConditionType,DistanceToPoint,3775,962,27,0,14,4778,A-life_interrupts_If,GameLite/GameData/QuestNodePrototypes/A-life_interrupts.cfg
EQuestConditionType,NodeState,2707,970,32,22,5,3736,ANCQ01_Technical_DelayToNewCA_Pin_0,GameLite/GameData/QuestNodePrototypes/ANCQ01.cfg
EQuestConditionType,Trigger,2275,855,3,0,0,3133,ANCQ01_Technical_DogAttack_Pin_0,GameLite/GameData/QuestNodePrototypes/ANCQ01.cfg
EQuestConditionType,Bridge,2012,640,11,6,1,2670,ANCQ02_Technical_SkifReturns_Pin_0,GameLite/GameData/QuestNodePrototypes/ANCQ02.cfg
EQuestConditionType,DistanceToNPC,1934,387,15,0,0,2336,ANCQ02_Technical_SkifAway17k_Pin_0,GameLite/GameData/QuestNodePrototypes/ANCQ02.cfg
EQuestConditionType,JournalState,1275,482,15,2,4,1778,ANCQ28_Technical_SpawnItems_WildIsland_Pin_0,GameLite/GameData/QuestNodePrototypes/ANCQ28.cfg
EQuestConditionType,GlobalVariable,651,594,53,34,17,1349,Arch_Bossfight_Faust_Faust_Unkillable_Pin_0,GameLite/GameData/QuestNodePrototypes/Arch_Bossfight_Faust.cfg
EQuestConditionType,IsAlive,866,219,10,0,0,1095,ANCQ02_Technical_SkifAway17k_Pin_0,GameLite/GameData/QuestNodePrototypes/ANCQ02.cfg
EQuestConditionType,ContextualAction,593,130,2,0,0,725,ANCQ03_SetDialog_ANCQ03_Comment_MoveAlong_Pin_0,GameLite/GameData/QuestNodePrototypes/ANCQ03.cfg
EQuestConditionType,Emission,553,19,2,0,0,574,ANCQ01_Technical_DogAttack_Pin_0,GameLite/GameData/QuestNodePrototypes/ANCQ01.cfg
EQuestConditionType,ItemInInventory,488,60,7,0,0,555,ANCQ103_If,GameLite/GameData/QuestNodePrototypes/ANCQ103.cfg
EQuestConditionType,Awareness,296,5,0,0,0,301,E03_MQ02_Comment_ZmeevikMoans1_Pin_0,GameLite/GameData/QuestNodePrototypes/E03_MQ02.cfg
EQuestConditionType,IsCreated,152,71,0,0,0,223,ANCQ103_ItemAdd_SQ103_MapNote_Pin_0,GameLite/GameData/QuestNodePrototypes/ANCQ103.cfg
EQuestConditionType,ItemInContainer,146,3,22,19,0,190,E05_SQ03_Despawn_BP_DeadBodyPlaceholder_E05_SQ03_DeadVarta_Pin_0,GameLite/GameData/QuestNodePrototypes/E05_SQ03.cfg
EQuestConditionType,FactionRelationship,116,35,0,0,0,151,E03_MQ01_Technical_Deserter_Pin_0,GameLite/GameData/QuestNodePrototypes/E03_MQ01.cfg
EQuestConditionType,HP,95,20,2,0,0,117,ANCQ08_P_Spawn_BP_Item_Sausage_Pin_0,GameLite/GameData/QuestNodePrototypes/ANCQ08_P.cfg
EQuestConditionType,Note,35,10,28,28,5,106,ANCQ25_End_Pin_0,GameLite/GameData/QuestNodePrototypes/ANCQ25.cfg
EQuestConditionType,IsWounded,77,14,0,0,0,91,E02_SQ01_Comment_ZhorikLetsTalk_Pin_0,GameLite/GameData/QuestNodePrototypes/E02_SQ01.cfg
EQuestConditionType,PersonalRelationship,69,4,0,0,0,73,E02_SQ02_SetDialog_CallPlayer_Pin_0,GameLite/GameData/QuestNodePrototypes/E02_SQ02.cfg
EQuestConditionType,IsOnline,69,1,0,0,0,70,ANCQ03_Despawn_BP_NPC_ANCQ03_SanyaStopor_Pin_0,GameLite/GameData/QuestNodePrototypes/ANCQ03.cfg
EQuestConditionType,HPPercent,47,6,0,0,0,53,ANCQ01_Technical_DogsInjured_Pin_0,GameLite/GameData/QuestNodePrototypes/ANCQ01.cfg
EQuestConditionType,LookAtAngle,39,10,0,0,0,49,E01_MQ01_SetDialog_E01_MQ01_Comment_SkifReaction_Pin_0,GameLite/GameData/QuestNodePrototypes/E01_MQ01.cfg
EQuestConditionType,EquipmentInHands,34,5,0,0,0,39,E01_MQ01_If_2,GameLite/GameData/QuestNodePrototypes/E01_MQ01.cfg
EQuestConditionType,Effect,29,8,0,0,0,37,E08_MQ04_C02_If,GameLite/GameData/QuestNodePrototypes/E08_MQ04_C02.cfg
EQuestConditionType,IsLairOwnedByFaction,0,26,0,0,0,26,DLC01_FactionWars_CNPP_If_Duty_380_32,DLCGameData/DLC1/QuestNodePrototypes.cfg
EQuestConditionType,Money,17,0,0,0,0,17,GDTQ00_BP_ShowTutorialWidget_Coupons_Pin_0,GameLite/GameData/QuestNodePrototypes/GDTQ00_BP.cfg
EQuestConditionType,CorpseCarry,15,0,0,0,0,15,EQ04_AllStop_Pin_0,GameLite/GameData/QuestNodePrototypes/EQ04.cfg
EQuestConditionType,Stamina,13,0,0,0,0,13,GDTQ00_BP_Technical_Pause_Stamina_Pin_0,GameLite/GameData/QuestNodePrototypes/GDTQ00_BP.cfg
EQuestConditionType,AITarget,10,0,0,0,0,10,E11_MQ04_Technical_SpawnSupport_Pin_0,GameLite/GameData/QuestNodePrototypes/E11_MQ04.cfg
EQuestConditionType,Rank,10,0,0,0,0,10,EQ04_If_SkifVeteran,GameLite/GameData/QuestNodePrototypes/EQ04.cfg
EQuestConditionType,InventoryWeight,9,0,0,0,0,9,GDTQ00_BP_Technical_WaitForEncumbered_Pin_0,GameLite/GameData/QuestNodePrototypes/GDTQ00_BP.cfg
EQuestConditionType,Bleeding,4,0,0,0,0,4,E14_Bossfight_Korshunov_C01_If_BleedingON,GameLite/GameData/QuestNodePrototypes/E14_Bossfight_Korshunov_C01.cfg
EQuestConditionType,Weather,2,2,0,0,0,4,EQ54_SaveGame_Pin_0,GameLite/GameData/QuestNodePrototypes/EQ54.cfg
EQuestConditionType,GameDifficulty,0,3,0,0,0,3,DLC01_CNPP_L_If_Difficulty_Medium,DLCGameData/DLC1/QuestNodePrototypes.cfg
EQuestConditionType,HungerPoints,3,0,0,0,0,3,Test_Conditions_FoodPointsNegativeCase_1_Pin_0,GameLite/GameData/QuestNodePrototypes/Test_Conditions.cfg
EQuestConditionType,HasItemInQuickSlot,2,0,0,0,0,2,DevTestMap_TestTutor_1_Pin_0,GameLite/GameData/QuestNodePrototypes/DevTestMap.cfg
EQuestConditionType,Radiation,2,0,0,0,0,2,EQ05_C04_Technical_Pin_0,GameLite/GameData/QuestNodePrototypes/EQ05_C04.cfg
EQuestConditionType,ArmorState,1,0,0,0,0,1,GDTQ00_BP_ShowTutorialWidget_ArmorWasted_1_Pin_0,GameLite/GameData/QuestNodePrototypes/GDTQ00_BP.cfg
EQuestConditionType,IsEnoughAmmo,1,0,0,0,0,1,GDTQ00_BP_Technical_WaitForEmptyMag_Pin_0,GameLite/GameData/QuestNodePrototypes/GDTQ00_BP.cfg
EQuestConditionType,IsWeaponJammed,1,0,0,0,0,1,GDTQ00_BP_ShowTutorialWidget_WeaponWasted_Pin_0,GameLite/GameData/QuestNodePrototypes/GDTQ00_BP.cfg
EQuestEventType,OnQuestNodeChangeState,3556,913,19,0,0,4488,ANCQ02_BridgeEvent,GameLite/GameData/QuestNodePrototypes/ANCQ02.cfg
EQuestEventType,OnTick,2774,690,17,3,2,3486,ANCQ01_OnTickEvent_HitDogsFix,GameLite/GameData/QuestNodePrototypes/ANCQ01.cfg
EQuestEventType,OnModelCreate,1342,630,1,0,0,1973,ANCQ02_OnNPCCreateEvent_Leshui,GameLite/GameData/QuestNodePrototypes/ANCQ02.cfg
EQuestEventType,OnObjDeath,1193,420,22,0,0,1635,A-life_interrupts_OnNPCDeathEvent_BP_SquadPlaceholder21,GameLite/GameData/QuestNodePrototypes/A-life_interrupts.cfg
EQuestEventType,OnTriggerEnter,983,603,2,0,0,1588,A-life_interrupts_OnTriggerEnterEvent,GameLite/GameData/QuestNodePrototypes/A-life_interrupts.cfg
EQuestEventType,OnSignalReceived,851,563,0,0,0,1414,ANCQ03_OnSignalReceived,GameLite/GameData/QuestNodePrototypes/ANCQ03.cfg
EQuestEventType,OnHit,702,240,1,0,0,943,ANCQ01_OnHitEvent_BlindDogs,GameLite/GameData/QuestNodePrototypes/ANCQ01.cfg
EQuestEventType,OnPlayerGetItem,634,192,20,5,6,857,ANCQ01_OnPlayerGetItemEvent_ANCQ01_VadaHvorostPDA,GameLite/GameData/QuestNodePrototypes/ANCQ01.cfg
EQuestEventType,OnBecomeEnemy,516,75,11,0,0,602,ANCQ03_OnNPCBecomeEnemyEvent_ChernyshovSoldier,GameLite/GameData/QuestNodePrototypes/ANCQ03.cfg
EQuestEventType,OnJournalQuestStageFinish,291,82,6,0,0,379,C_E02_MQ03_BatyaOutOfBar_Preload_OnJournalQuestEvent_E02_MQ03_WarlockPripoy,GameLite/GameData/QuestNodePrototypes/C_E02_MQ03_BatyaOutOfBar_Preload.cfg
EQuestEventType,OnJournalQuestStart,350,21,5,0,0,376,ANCQ_11P_OnJournalQuestEvent_E07_SQ01,GameLite/GameData/QuestNodePrototypes/ANCQ_11P.cfg
EQuestEventType,OnJournalQuestStageStart,251,110,2,1,0,364,E01_MQ01_OnJournalQuestEvent_E01_MQ01_GoToThePowerLine_1,GameLite/GameData/QuestNodePrototypes/E01_MQ01.cfg
EQuestEventType,OnInteract,160,23,27,19,6,235,ANCQ03_OnInteractEvent_Chernyshov,GameLite/GameData/QuestNodePrototypes/ANCQ03.cfg
EQuestEventType,OnTriggerExit,171,48,0,0,0,219,AI_Benchmark_OnTriggerExitEvent,GameLite/GameData/QuestNodePrototypes/AI_Benchmark.cfg
EQuestEventType,OnJournalQuestFinish,164,47,3,0,0,214,E01_MQ01_OnJournalQuestEvent_E01_MQ01,GameLite/GameData/QuestNodePrototypes/E01_MQ01.cfg
EQuestEventType,OnPlayerNoticed,151,38,0,0,0,189,E01_MQ01_OnPlayerNoticedEvent_BP_NPC_AliveMilitary,GameLite/GameData/QuestNodePrototypes/E01_MQ01.cfg
EQuestEventType,OnQuestNodeFinish,162,0,0,0,0,162,Benchmark_combat_BridgeEvent,GameLite/GameData/QuestNodePrototypes/Benchmark_combat.cfg
EQuestEventType,OnDialogFinished,58,10,0,0,0,68,E02_MQ03_C05_OnDialogStartEvent_E02_MQ03_Comment_EmisionScene_2,GameLite/GameData/QuestNodePrototypes/E02_MQ03_C05.cfg
EQuestEventType,OnEmissionStarted,56,3,0,0,0,59,ANCQ02_OnEmissionStartEvent,GameLite/GameData/QuestNodePrototypes/ANCQ02.cfg
EQuestEventType,OnEmissionFinished,38,2,0,0,0,40,A-life_interrupts_OnEmissionFinishEvent,GameLite/GameData/QuestNodePrototypes/A-life_interrupts.cfg
EQuestEventType,OnFactionBecomeEnemy,36,4,0,0,0,40,C_E16_Flashbacks_Cutscene_OnFactionBecomeEnemyEvent,GameLite/GameData/QuestNodePrototypes/C_E16_Flashbacks_Cutscene.cfg
EQuestEventType,OnJournalQuestFail,31,2,1,0,0,34,E02_SQ01_OnJournalQuestEvent_E02_SQ01_C01,GameLite/GameData/QuestNodePrototypes/E02_SQ01.cfg
EQuestEventType,OnQuestInteractionFinish,20,4,5,0,0,29,ANCQ26_OnInteractEvent,GameLite/GameData/QuestNodePrototypes/ANCQ26.cfg
EQuestEventType,OnLairOwnershipHasChanged,0,26,0,0,0,26,DLC01_FactionWars_CNPP_OnLairOwnershipHasChangedEvent_Duty_380_32,DLCGameData/DLC1/QuestNodePrototypes.cfg
EQuestEventType,OnEmissionStageStarted,15,2,0,0,0,17,EQ11_OnEmissionStageActivated,GameLite/GameData/QuestNodePrototypes/EQ11.cfg
EQuestEventType,OnPlayerLostItem,9,8,0,0,0,17,E16_Bossfight_Strelok_OnHit_OnPlayerLostItemEvent_Medkit,GameLite/GameData/QuestNodePrototypes/E16_Bossfight_Strelok_OnHit.cfg
EQuestEventType,OnAbilityUsed,14,0,0,0,0,14,Arch_Bossfight_Faust_OnAbilityUsedEvent_BP_NPC_Faust_mutant,GameLite/GameData/QuestNodePrototypes/Arch_Bossfight_Faust.cfg
EQuestEventType,OnAbilityEnded,6,5,0,0,0,11,Arch_Bossfight_Faust_OnAbilityEndedEvent_BP_NPC_Faust_mutant,GameLite/GameData/QuestNodePrototypes/Arch_Bossfight_Faust.cfg
EQuestEventType,OnJournalQuestStageFail,4,6,0,0,0,10,E02_MQ02_C02_OnJournalQuestEvent_E02_MQ02_BanditsTalk,GameLite/GameData/QuestNodePrototypes/E02_MQ02_C02.cfg
EQuestEventType,OnEmissionStageFinished,6,0,0,0,0,6,QTC_Emission_OnEmissionStageFinished,GameLite/GameData/QuestNodePrototypes/QTC_Emission.cfg
EQuestEventType,OnJournalQuestCancel,6,0,0,0,0,6,SQ03_Audio_OnJournalQuestEvent_SQ03Canc,GameLite/GameData/QuestNodePrototypes/SQ03_Audio.cfg
EQuestEventType,OnJournalQuestStageCancel,5,0,0,0,0,5,E02_MQ03_C05_OnJournalQuestEvent_E02_MQ03_C01_Hide_Cancel,GameLite/GameData/QuestNodePrototypes/E02_MQ03_C05.cfg
EQuestEventType,OnPlayerRankReached,3,0,0,0,0,3,QTC_OnPlayerRankReachedEvent_1,GameLite/GameData/QuestNodePrototypes/QTC.cfg
EQuestEventType,OnBecomeFriend,2,0,0,0,0,2,E04_SQ02_OnNPCBecomeFriendEvent_BP_NPC_E04_SQ02_NoonZombieKvaska,GameLite/GameData/QuestNodePrototypes/E04_SQ02.cfg
EQuestEventType,OnObjDefeat,2,0,0,0,0,2,UI_QTC_Quest_OnNPCDefeatEvent_BP_NPCPlaceholder6,GameLite/GameData/QuestNodePrototypes/UI_QTC_Quest.cfg
EQuestEventType,OnUpgradeInstall,2,0,0,0,0,2,E08_MQ03_OnUpgradeInstallEvent_FaustPsyResist_Quest_1_1,GameLite/GameData/QuestNodePrototypes/E08_MQ03.cfg
EQuestEventType,OnFactionBecomeFriend,1,0,0,0,0,1,QTC_OnFactionBecomeFriendEvent,GameLite/GameData/QuestNodePrototypes/QTC.cfg
EQuestEventType,OnGetCompatibleAttachment,1,0,0,0,0,1,GDTQ00_BP_OnGetCompatibleAttachEvent,GameLite/GameData/QuestNodePrototypes/GDTQ00_BP.cfg
EQuestEventType,OnMoneyAmountReached,1,0,0,0,0,1,QTC_OnMoneyAmountReachedEvent,GameLite/GameData/QuestNodePrototypes/QTC.cfg
EQuestNodeState,Finished,1788,606,15,14,1,2424,ANCQ01_Technical_DelayToNewCA_Pin_0,GameLite/GameData/QuestNodePrototypes/ANCQ01.cfg
EQuestNodeState,Activated,430,225,15,7,4,681,ANCQ02_Technical_Delay_1_Pin_0,GameLite/GameData/QuestNodePrototypes/ANCQ02.cfg
EQuestNodeState,None,364,93,2,1,0,460,ANCQ03_ReputationLocker_BP_Squad_ANCQ03_Military_Pin_3,GameLite/GameData/QuestNodePrototypes/ANCQ03.cfg
EQuestNodeState,Excluded,125,46,0,0,0,171,E02_MQ03_C05_If_RihterBranchAndCollectorsEntranceExcluded,GameLite/GameData/QuestNodePrototypes/E02_MQ03_C05.cfg
EQuestNodeType,Technical,11899,3515,67,24,8,15513,A-life_interrupts_Start,GameLite/GameData/QuestNodePrototypes/A-life_interrupts.cfg
EQuestNodeType,Condition,8999,2767,76,33,9,11884,ANCQ01_Technical_DogAttack_Pin_0,GameLite/GameData/QuestNodePrototypes/ANCQ01.cfg
EQuestNodeType,SetDialog,8159,2689,33,0,0,10881,A-life_interrupts_SetDialog_Alaf_scen_begin,GameLite/GameData/QuestNodePrototypes/A-life_interrupts.cfg
EQuestNodeType,SetAIBehavior,6259,2467,9,0,0,8735,A-life_interrupts_SetAIBehavior_BP_NPCPlaceholder71,GameLite/GameData/QuestNodePrototypes/A-life_interrupts.cfg
EQuestNodeType,Spawn,4577,1478,20,3,2,6080,A-life_interrupts_SpawnObjectNPCMonster_BP_NPCPlaceholder71,GameLite/GameData/QuestNodePrototypes/A-life_interrupts.cfg
EQuestNodeType,SetJournal,4455,1166,55,25,10,5711,E01_MQ01_EnterTheZone_Start,GameLite/GameData/QuestNodePrototypes/E01_MQ01.cfg
EQuestNodeType,SendSignal,3230,2144,0,1,0,5375,ANCQ103_SendSignal_BP_CutsceneInteract.SignalReceiver,GameLite/GameData/QuestNodePrototypes/ANCQ103.cfg
EQuestNodeType,BridgeEvent,3718,913,19,0,0,4650,ANCQ02_BridgeEvent,GameLite/GameData/QuestNodePrototypes/ANCQ02.cfg
EQuestNodeType,Trigger,2836,1251,2,0,0,4089,A-life_interrupts_OnTriggerEnterEvent,GameLite/GameData/QuestNodePrototypes/A-life_interrupts.cfg
EQuestNodeType,OnTickEvent,2774,690,17,3,2,3486,ANCQ01_OnTickEvent_HitDogsFix,GameLite/GameData/QuestNodePrototypes/ANCQ01.cfg
EQuestNodeType,ChangeRelationships,1875,301,5,0,0,2181,ANCQ02_ChangeRelationships_SkifEnemy,GameLite/GameData/QuestNodePrototypes/ANCQ02.cfg
EQuestNodeType,If,1507,500,58,20,11,2096,A-life_interrupts_If,GameLite/GameData/QuestNodePrototypes/A-life_interrupts.cfg
EQuestNodeType,OnNPCCreateEvent,1342,630,1,0,0,1973,ANCQ02_OnNPCCreateEvent_Leshui,GameLite/GameData/QuestNodePrototypes/ANCQ02.cfg
EQuestNodeType,End,1394,379,8,2,1,1784,A-life_interrupts_End,GameLite/GameData/QuestNodePrototypes/A-life_interrupts.cfg
EQuestNodeType,TeleportCharacter,1125,501,20,6,4,1656,ANCQ01_TeleportCharacter_Start,GameLite/GameData/QuestNodePrototypes/ANCQ01.cfg
EQuestNodeType,Container,1248,301,3,0,0,1552,ANCQ01_P_Container,GameLite/GameData/QuestNodePrototypes/ANCQ01_P.cfg
EQuestNodeType,Despawn,1113,410,0,0,0,1523,A-life_interrupts_Despawn_BP_NPCPlaceholder71,GameLite/GameData/QuestNodePrototypes/A-life_interrupts.cfg
EQuestNodeType,OnNPCDeathEvent,1059,341,16,0,0,1416,A-life_interrupts_OnNPCDeathEvent_BP_SquadPlaceholder21,GameLite/GameData/QuestNodePrototypes/A-life_interrupts.cfg
EQuestNodeType,OnSignalReceived,851,563,0,0,0,1414,ANCQ03_OnSignalReceived,GameLite/GameData/QuestNodePrototypes/ANCQ03.cfg
EQuestNodeType,OnJournalQuestEvent,1102,268,17,1,0,1388,ANCQ_11P_OnJournalQuestEvent_E07_SQ01,GameLite/GameData/QuestNodePrototypes/ANCQ_11P.cfg
EQuestNodeType,SetGlobalVariable,732,479,35,18,14,1278,ANCQ23_P_SetGlobalVariable_ANCQ23_AtasStash,GameLite/GameData/QuestNodePrototypes/ANCQ23_P.cfg
EQuestNodeType,SaveGame,785,302,9,0,0,1096,ANCQ01_SaveGame,GameLite/GameData/QuestNodePrototypes/ANCQ01.cfg
EQuestNodeType,ItemAdd,815,178,53,32,12,1090,ANCQ01_ItemAdd_VadaHvorostPDA,GameLite/GameData/QuestNodePrototypes/ANCQ01.cfg
EQuestNodeType,PlaySound,636,399,0,0,0,1035,ANCQ14_PlaySound,GameLite/GameData/QuestNodePrototypes/ANCQ14.cfg
EQuestNodeType,SetCharacterParam,674,294,1,0,0,969,ANCQ01_SetCharacterParam_BP_Squad_ANCQ01_BlindDogs,GameLite/GameData/QuestNodePrototypes/ANCQ01.cfg
EQuestNodeType,OnHitEvent,702,240,1,0,0,943,ANCQ01_OnHitEvent_BlindDogs,GameLite/GameData/QuestNodePrototypes/ANCQ01.cfg
EQuestNodeType,ToggleNPCHidden,611,282,3,0,0,896,Arch_Bossfight_Faust_ToggleNPCHidden_FaustForceHide,GameLite/GameData/QuestNodePrototypes/Arch_Bossfight_Faust.cfg
EQuestNodeType,ActivateRestrictor,572,282,4,0,0,858,ANCQ01_ActivateRestrictor_QuestOut,GameLite/GameData/QuestNodePrototypes/ANCQ01.cfg
EQuestNodeType,OnPlayerGetItemEvent,634,192,20,5,6,857,ANCQ01_OnPlayerGetItemEvent_ANCQ01_VadaHvorostPDA,GameLite/GameData/QuestNodePrototypes/ANCQ01.cfg
EQuestNodeType,ShowFadeScreen,698,50,0,0,0,748,A-life_interrupts_ShowFadeScreen,GameLite/GameData/QuestNodePrototypes/A-life_interrupts.cfg
EQuestNodeType,SetItemGenerator,635,101,7,0,0,743,ANCQ02_SetItemGenerator_empty,GameLite/GameData/QuestNodePrototypes/ANCQ02.cfg
EQuestNodeType,AddNote,527,174,8,1,3,713,ANCQ01_AddNote_HvorostPDANote,GameLite/GameData/QuestNodePrototypes/ANCQ01.cfg
EQuestNodeType,SwitchQuestItemState,470,190,6,0,3,669,ANCQ01_SwitchQuestItemState_ANCQ01_VadaHvorostPDA,GameLite/GameData/QuestNodePrototypes/ANCQ01.cfg
EQuestNodeType,ToggleLairActivity,481,136,4,0,0,621,ANCQ03_P_ToggleLairActivity,GameLite/GameData/QuestNodePrototypes/ANCQ03_P.cfg
EQuestNodeType,OnNPCBecomeEnemyEvent,516,75,11,0,0,602,ANCQ03_OnNPCBecomeEnemyEvent_ChernyshovSoldier,GameLite/GameData/QuestNodePrototypes/ANCQ03.cfg
EQuestNodeType,DisableNPCInteraction,321,164,0,0,0,485,ANCQ03_DisableNPCInteraction_BP_Squad_ANCQ03_Military,GameLite/GameData/QuestNodePrototypes/ANCQ03.cfg
EQuestNodeType,Random,326,62,0,0,0,388,BodyParts_Malahit_Random,GameLite/GameData/QuestNodePrototypes/BodyParts_Malahit.cfg
EQuestNodeType,ReputationLocker,181,207,0,0,0,388,ANCQ03_ReputationLocker_BP_Squad_ANCQ03_Military,GameLite/GameData/QuestNodePrototypes/ANCQ03.cfg
EQuestNodeType,ResetAI,304,23,0,0,0,327,AI_DailySchedule_Test_ResetAI_BP_NPCPlaceholder_C_1,GameLite/GameData/QuestNodePrototypes/AI_DailySchedule_Test.cfg
EQuestNodeType,ItemRemove,254,24,1,12,0,291,ANCQ103_ItemRemove_SQ103_Emitter,GameLite/GameData/QuestNodePrototypes/ANCQ103.cfg
EQuestNodeType,OnInteractEvent,180,27,32,19,6,264,ANCQ03_OnInteractEvent_Chernyshov,GameLite/GameData/QuestNodePrototypes/ANCQ03.cfg
EQuestNodeType,OnKillerCheckEvent,134,79,6,0,0,219,E03_MQ02_OnKillerCheckEvent_VartaSquad_1,GameLite/GameData/QuestNodePrototypes/E03_MQ02.cfg
EQuestNodeType,SetMeshGenerator,140,71,0,0,0,211,C_E08_MQ01_Lazaret_SetMeshGenerator_BP_NPC_ColonelKorshunov,GameLite/GameData/QuestNodePrototypes/C_E08_MQ01_Lazaret.cfg
EQuestNodeType,SetPersonalRestriction,128,74,3,0,0,205,ANCQ03_SetPersonalRestrictionStopor,GameLite/GameData/QuestNodePrototypes/ANCQ03.cfg
EQuestNodeType,PlayEffect,154,44,0,0,0,198,Arch_Bossfight_Faust_PlayEffect_NS_Monolith_Ligtnings_Tower,GameLite/GameData/QuestNodePrototypes/Arch_Bossfight_Faust.cfg
EQuestNodeType,ConsoleCommand,110,87,0,0,0,197,A-life_interrupts_ConsoleCommand,GameLite/GameData/QuestNodePrototypes/A-life_interrupts.cfg
EQuestNodeType,OnPlayerNoticedEvent,151,38,0,0,0,189,E01_MQ01_OnPlayerNoticedEvent_BP_NPC_AliveMilitary,GameLite/GameData/QuestNodePrototypes/E01_MQ01.cfg
EQuestNodeType,SequenceStart,109,62,0,0,0,171,Arch_Bossfight_Faust_SequenceStart_Wire_1,GameLite/GameData/QuestNodePrototypes/Arch_Bossfight_Faust.cfg
EQuestNodeType,ShowMarker,133,32,2,0,0,167,E01_MQ01_ShowMarker_sid_locations_loc_01_scientists_bunker_name_Discovered,GameLite/GameData/QuestNodePrototypes/E01_MQ01.cfg
EQuestNodeType,LookAt,141,8,0,0,0,149,AI_QTC_LookAt_BP_NPCPlaceholder,GameLite/GameData/QuestNodePrototypes/AI_QTC.cfg
EQuestNodeType,ShowTutorialWidget,123,3,0,0,0,126,DevTestMap_TestTutor,GameLite/GameData/QuestNodePrototypes/DevTestMap.cfg
EQuestNodeType,HideTutorial,121,3,0,0,0,124,DevTestMap_HideTutorial,GameLite/GameData/QuestNodePrototypes/DevTestMap.cfg
EQuestNodeType,RestrictSave,81,41,0,0,0,122,Arch_Bossfight_Faust_RestrictSave,GameLite/GameData/QuestNodePrototypes/Arch_Bossfight_Faust.cfg
EQuestNodeType,ProtectLairNPCSquadItem,113,3,1,0,0,117,ANCQ01_Protect_BP_EQ118_DeadbodyHvorost,GameLite/GameData/QuestNodePrototypes/ANCQ01.cfg
EQuestNodeType,SetTimer,86,30,0,0,0,116,BodyParts_Malahit_SetTimer,GameLite/GameData/QuestNodePrototypes/BodyParts_Malahit.cfg
EQuestNodeType,SetQuestGiver,98,13,1,0,0,112,E02_SQ01_SetQuestGiver_BP_NPC_Zorik,GameLite/GameData/QuestNodePrototypes/E02_SQ01.cfg
EQuestNodeType,GiveCache,83,14,8,4,2,111,ANCQ23_P_GiveCache_not_set!,GameLite/GameData/QuestNodePrototypes/ANCQ23_P.cfg
EQuestNodeType,LoadAsset,58,45,0,0,0,103,Arch_Bossfight_Faust_LoadAsset_FaustDeath,GameLite/GameData/QuestNodePrototypes/Arch_Bossfight_Faust.cfg
EQuestNodeType,AddOrRemoveFromSquad,93,7,0,0,0,100,E03_MQ01_AddOrRemoveFromSquad_BP_NPC_E03_MQ01_LtVorobiev,GameLite/GameData/QuestNodePrototypes/E03_MQ01.cfg
EQuestNodeType,SetCharacterEffect,68,29,0,0,0,97,Arch_Bossfight_Faust_SetCharacterEffect_FaustPSYStrikeConcussionComposite,GameLite/GameData/QuestNodePrototypes/Arch_Bossfight_Faust.cfg
EQuestNodeType,SetWeather,49,45,0,0,0,94,Arch_Bossfight_Faust_SetWeather,GameLite/GameData/QuestNodePrototypes/Arch_Bossfight_Faust.cfg
EQuestNodeType,ActivateDataLayerCombination,41,46,0,0,0,87,Arch_Bossfight_Faust_ActivateDataLayerCombination,GameLite/GameData/QuestNodePrototypes/Arch_Bossfight_Faust.cfg
EQuestNodeType,EnableDataLayer,79,5,0,0,0,84,Arch_Bossfight_Faust_DIsableDataLayer,GameLite/GameData/QuestNodePrototypes/Arch_Bossfight_Faust.cfg
EQuestNodeType,FlashlightOnOff,49,32,0,0,0,81,C_E02_MQ01_ToughAwakening_Cutscene_FlashlightOnOff_BP_NPC_Richter,GameLite/GameData/QuestNodePrototypes/C_E02_MQ01_ToughAwakening_Cutscene.cfg
EQuestNodeType,SetTime,55,25,0,0,0,80,Arch_Bossfight_Faust_SetTime,GameLite/GameData/QuestNodePrototypes/Arch_Bossfight_Faust.cfg
EQuestNodeType,ChangeFaction,63,10,0,0,0,73,Arch_Bossfight_Faust_ChangeFaction_BP_NPC_Faust_mutant,GameLite/GameData/QuestNodePrototypes/Arch_Bossfight_Faust.cfg
EQuestNodeType,ALifeDirectorZoneSwitch,48,24,0,0,0,72,Cordon_L_ALifeDirectorZoneSwitch_BP_ALifeGroupZone_X3Oasis2,GameLite/GameData/QuestNodePrototypes/Cordon_L.cfg
EQuestNodeType,DeactivateZone,72,0,0,0,0,72,E03_MQ01_DeactivateZone_BP_SafeZone_E03_MQ01_WardOutpost,GameLite/GameData/QuestNodePrototypes/E03_MQ01.cfg
EQuestNodeType,SetWounded,51,17,0,0,0,68,E02_SQ01_SetWounded_Gloomy,GameLite/GameData/QuestNodePrototypes/E02_SQ01.cfg
EQuestNodeType,EmissionScheduleControl,42,23,0,0,0,65,AI_DailySchedule_Test_EmissionScheduleControl,GameLite/GameData/QuestNodePrototypes/AI_DailySchedule_Test.cfg
EQuestNodeType,OnEmissionStartEvent,56,3,0,0,0,59,ANCQ02_OnEmissionStartEvent,GameLite/GameData/QuestNodePrototypes/ANCQ02.cfg
EQuestNodeType,AchievementUnlock,28,18,0,0,0,46,Arch_Bossfight_Faust_AchievementUnlock_KillFaust,GameLite/GameData/QuestNodePrototypes/Arch_Bossfight_Faust.cfg
EQuestNodeType,ActivateAnomaly,45,1,0,0,0,46,E01_MQ01_ActivateAnomaly_ScannerAnomlay,GameLite/GameData/QuestNodePrototypes/E01_MQ01.cfg
EQuestNodeType,PlayPostProcess,44,0,0,0,0,44,Arch_Bossfight_Faust_PlayPostProcess_PSYBlurEffectProcessor,GameLite/GameData/QuestNodePrototypes/Arch_Bossfight_Faust.cfg
EQuestNodeType,SpawnSingleObj,44,0,0,0,0,44,AI2QuestBPOLD_SpawnTargetToFollowAfter,GameLite/GameData/QuestNodePrototypes/AI2QuestBPOLD.cfg
EQuestNodeType,EquipItemInHands,36,7,0,0,0,43,Bossfight_EquipTEST_EquipItemInHands_GunFora_ST,GameLite/GameData/QuestNodePrototypes/Bossfight_EquipTEST.cfg
EQuestNodeType,OnInfotopicFinishEvent,42,1,0,0,0,43,E08_SQ01_OnInfotopicFinishEvent_E08_SQ01_Dialog_SherbaRepeatAboutCollars,GameLite/GameData/QuestNodePrototypes/E08_SQ01.cfg
EQuestNodeType,OnEmissionFinishEvent,38,2,0,0,0,40,A-life_interrupts_OnEmissionFinishEvent,GameLite/GameData/QuestNodePrototypes/A-life_interrupts.cfg
EQuestNodeType,OnFactionBecomeEnemyEvent,36,4,0,0,0,40,C_E16_Flashbacks_Cutscene_OnFactionBecomeEnemyEvent,GameLite/GameData/QuestNodePrototypes/C_E16_Flashbacks_Cutscene.cfg
EQuestNodeType,DisableNPCBark,20,15,0,0,0,35,E04_MQ02_DisableNPCBark_BP_NPC_Azimuth_Foma,GameLite/GameData/QuestNodePrototypes/E04_MQ02.cfg
EQuestNodeType,TimeLock,22,12,0,0,0,34,Arch_Bossfight_Faust_TimeLock,GameLite/GameData/QuestNodePrototypes/Arch_Bossfight_Faust.cfg
EQuestNodeType,PlayVideo,21,7,0,0,0,28,C_E06_MQ02_Signal_A_Cutscene_PlayVideo_SignalA,GameLite/GameData/QuestNodePrototypes/C_E06_MQ02_Signal_A_Cutscene.cfg
EQuestNodeType,ScheduledContainer,24,3,0,0,0,27,E03_MQ05_ScheduledContainer,GameLite/GameData/QuestNodePrototypes/E03_MQ05.cfg
EQuestNodeType,OnLairOwnershipHasChangedEvent,0,26,0,0,0,26,DLC01_FactionWars_CNPP_OnLairOwnershipHasChangedEvent_Duty_380_32,DLCGameData/DLC1/QuestNodePrototypes.cfg
EQuestNodeType,OnDialogStartEvent,16,9,0,0,0,25,E02_MQ03_C05_OnDialogStartEvent_E02_MQ03_Comment_EmisionScene_2,GameLite/GameData/QuestNodePrototypes/E02_MQ03_C05.cfg
EQuestNodeType,AddTechnicianSkillOrUpgrade,24,0,0,0,0,24,E08_MQ03_AddTechnicianSkillOrUpgrade_HimzavodTechnician_FaustPsyResist,GameLite/GameData/QuestNodePrototypes/E08_MQ03.cfg
EQuestNodeType,MoveInventory,24,0,0,0,0,24,E03_MQ01_MoveInventory_FromChernozemToChernozemDeadbody,GameLite/GameData/QuestNodePrototypes/E03_MQ01.cfg
EQuestNodeType,SetNPCSequentialAbility,13,6,0,0,0,19,Arch_Bossfight_Faust_SetNPCSequentialAbility_Add_Human_CombatPSYAttack,GameLite/GameData/QuestNodePrototypes/Arch_Bossfight_Faust.cfg
EQuestNodeType,EmissionStart,18,0,0,0,0,18,A-life_interrupts_EmissionStart,GameLite/GameData/QuestNodePrototypes/A-life_interrupts.cfg
EQuestNodeType,SetFactionRestriction,16,2,0,0,0,18,DKEnergetic_Hub_SetFactionRestriction_1,GameLite/GameData/QuestNodePrototypes/DKEnergetic_Hub.cfg
EQuestNodeType,OnEmissionStageActivated,15,2,0,0,0,17,EQ11_OnEmissionStageActivated,GameLite/GameData/QuestNodePrototypes/EQ11.cfg
EQuestNodeType,OnPlayerLostItemEvent,9,8,0,0,0,17,E16_Bossfight_Strelok_OnHit_OnPlayerLostItemEvent_Medkit,GameLite/GameData/QuestNodePrototypes/E16_Bossfight_Strelok_OnHit.cfg
EQuestNodeType,BridgeCleanUp,16,0,0,0,0,16,E02_MQ02_BridgeCleanUp,GameLite/GameData/QuestNodePrototypes/E02_MQ02.cfg
EQuestNodeType,SetHubOwner,9,6,0,0,0,15,Himzavod_Hub_SetHubOwner_BP_NPC_CaptainDvorenkov,GameLite/GameData/QuestNodePrototypes/Himzavod_Hub.cfg
EQuestNodeType,SpawnSquad,15,0,0,0,0,15,AI_QTC_Blood_SpawnObjectNPCMonster_BP_SquadPlaceholder_C_1,GameLite/GameData/QuestNodePrototypes/AI_QTC_Blood.cfg
EQuestNodeType,OnAbilityUsedEvent,14,0,0,0,0,14,Arch_Bossfight_Faust_OnAbilityUsedEvent_BP_NPC_Faust_mutant,GameLite/GameData/QuestNodePrototypes/Arch_Bossfight_Faust.cfg
EQuestNodeType,ActivateInteractableObject,13,0,0,0,0,13,E05_SQ01_OWL_ActivateInteractableObject,GameLite/GameData/QuestNodePrototypes/E05_SQ01_OWL.cfg
EQuestNodeType,ForceInteract,11,1,0,0,0,12,E09_EQ02_ForceInteract_BP_ItemContainer_Left_E09_EQ02,GameLite/GameData/QuestNodePrototypes/E09_EQ02.cfg
EQuestNodeType,SearchPoint,12,0,0,0,0,12,ANCQ103_SearchPoint,GameLite/GameData/QuestNodePrototypes/ANCQ103.cfg
EQuestNodeType,ShowLoadingScreen,12,0,0,0,0,12,C_E01_MQ01_Assault_Cutscene_ShowLoadingScreen,GameLite/GameData/QuestNodePrototypes/C_E01_MQ01_Assault_Cutscene.cfg
EQuestNodeType,FWChangePreset,0,11,0,0,0,11,DLC01_FactionWars_CNPP_FWChangePreset_Off,DLCGameData/DLC1/QuestNodePrototypes.cfg
EQuestNodeType,OnAbilityEndedEvent,6,5,0,0,0,11,Arch_Bossfight_Faust_OnAbilityEndedEvent_BP_NPC_Faust_mutant,GameLite/GameData/QuestNodePrototypes/Arch_Bossfight_Faust.cfg
EQuestNodeType,NPCBark,4,6,0,0,0,10,E05_SQ01_NPCBark_BP_NPCPlaceholder_E05_SQ01_VartaGuy3,GameLite/GameData/QuestNodePrototypes/E05_SQ01.cfg
EQuestNodeType,HideLoadingScreen,9,0,0,0,0,9,C_E10_MQ03_ScarOrbita_HideLoadingScreen,GameLite/GameData/QuestNodePrototypes/C_E10_MQ03_ScarOrbita.cfg
EQuestNodeType,SetDurabilityParam,6,3,0,0,0,9,ANCQ02_SetDurabilityParam_SniperRifle,GameLite/GameData/QuestNodePrototypes/ANCQ02.cfg
EQuestNodeType,SetSpaceRestrictor,8,0,0,0,0,8,E03_SQ01_SetSpaceRestrictor_BP_RestrictionArea_Vetos_Alife,GameLite/GameData/QuestNodePrototypes/E03_SQ01.cfg
EQuestNodeType,AddTutorialToPDA,5,1,0,0,0,6,GDTQ03_BP_AddMotionAimToPda,GameLite/GameData/QuestNodePrototypes/GDTQ03_BP.cfg
EQuestNodeType,OnEmissionStageFinished,6,0,0,0,0,6,QTC_Emission_OnEmissionStageFinished,GameLite/GameData/QuestNodePrototypes/QTC_Emission.cfg
EQuestNodeType,SetName,5,1,0,0,0,6,E10_MQ02_SetName_DoctorIsKaimanov,GameLite/GameData/QuestNodePrototypes/E10_MQ02.cfg
EQuestNodeType,SpawnItemContainer,6,0,0,0,0,6,DESPAWN_CONTAINER,GameLite/GameData/QuestNodePrototypes/DESPAWN.cfg
EQuestNodeType,SetLocationName,4,0,0,0,0,4,UI_QTC_TestCase6_main_SetLocationName_sid_locations_hub_malahit_name,GameLite/GameData/QuestNodePrototypes/UI_QTC_TestCase6_main.cfg
EQuestNodeType,SpawnAnomaly,4,0,0,0,0,4,DESPAWN_ANOMALY,GameLite/GameData/QuestNodePrototypes/DESPAWN.cfg
EQuestNodeType,OnPlayerRankReachedEvent,3,0,0,0,0,3,QTC_OnPlayerRankReachedEvent_1,GameLite/GameData/QuestNodePrototypes/QTC.cfg
EQuestNodeType,OnNPCBecomeFriendEvent,2,0,0,0,0,2,E04_SQ02_OnNPCBecomeFriendEvent_BP_NPC_E04_SQ02_NoonZombieKvaska,GameLite/GameData/QuestNodePrototypes/E04_SQ02.cfg
EQuestNodeType,OnNPCDefeatEvent,2,0,0,0,0,2,UI_QTC_Quest_OnNPCDefeatEvent_BP_NPCPlaceholder6,GameLite/GameData/QuestNodePrototypes/UI_QTC_Quest.cfg
EQuestNodeType,OnUpgradeInstallEvent,2,0,0,0,0,2,E08_MQ03_OnUpgradeInstallEvent_FaustPsyResist_Quest_1_1,GameLite/GameData/QuestNodePrototypes/E08_MQ03.cfg
EQuestNodeType,CancelAllSideQuests,1,0,0,0,0,1,E14_MQ02_CancelAllSideQuests,GameLite/GameData/QuestNodePrototypes/E14_MQ02.cfg
EQuestNodeType,OnFactionBecomeFriendEvent,1,0,0,0,0,1,QTC_OnFactionBecomeFriendEvent,GameLite/GameData/QuestNodePrototypes/QTC.cfg
EQuestNodeType,OnGetCompatibleAttachEvent,1,0,0,0,0,1,GDTQ00_BP_OnGetCompatibleAttachEvent,GameLite/GameData/QuestNodePrototypes/GDTQ00_BP.cfg
EQuestNodeType,OnMoneyAmountReachedEvent,1,0,0,0,0,1,QTC_OnMoneyAmountReachedEvent,GameLite/GameData/QuestNodePrototypes/QTC.cfg
EQuestNodeType,RestrictionArea,1,0,0,0,0,1,DESPAWN_RESTRICTIONAREA,GameLite/GameData/QuestNodePrototypes/DESPAWN.cfg
EQuestNodeType,SpawnAnomalySpawner,1,0,0,0,0,1,DESPAWN_ANOMALYSPAWNER,GameLite/GameData/QuestNodePrototypes/DESPAWN.cfg
EQuestNodeType,SpawnArtifactSpawner,1,0,0,0,0,1,DESPAWN_ARTIFACTSPAWNER,GameLite/GameData/QuestNodePrototypes/DESPAWN.cfg
EQuestNodeType,SpawnDeadBody,1,0,0,0,0,1,DESPAWN_DEADBODY,GameLite/GameData/QuestNodePrototypes/DESPAWN.cfg
EQuestNodeType,SpawnLair,1,0,0,0,0,1,DESPAWN_LAIR,GameLite/GameData/QuestNodePrototypes/DESPAWN.cfg
EQuestNodeType,SpawnSafeZone,1,0,0,0,0,1,DESPAWN_SAFEZONE,GameLite/GameData/QuestNodePrototypes/DESPAWN.cfg
EQuestNodeType,SpawnTrigger,1,0,0,0,0,1,DESPAWN_TRIGGER,GameLite/GameData/QuestNodePrototypes/DESPAWN.cfg
EQuestNodeType,StartBenchmark,1,0,0,0,0,1,QTC_StartBenchmark,GameLite/GameData/QuestNodePrototypes/QTC.cfg
EQuestNodeType,TrackJournal,1,0,0,0,0,1,EmissionQuest_TrackJournal,GameLite/GameData/QuestNodePrototypes/EmissionQuest.cfg
EQuestNodeType,TrackShelter,1,0,0,0,0,1,EmissionQuest_TrackShelter,GameLite/GameData/QuestNodePrototypes/EmissionQuest.cfg
ERank,Veteran,19,2,0,0,0,21,Arch_L_SetCharacterParam_Player,GameLite/GameData/QuestNodePrototypes/Arch_L.cfg
ERank,Experienced,14,0,0,0,0,14,E02_MQ03_SetCharacterParam_PlayerExperienced,GameLite/GameData/QuestNodePrototypes/E02_MQ03.cfg
ERank,Master,9,3,0,0,0,12,Arch_L_Assault_E08_SetCharacterParam_PlayerRankMaster,GameLite/GameData/QuestNodePrototypes/Arch_L_Assault_E08.cfg
ERank,Newbie,3,0,0,0,0,3,EQ05_P_SetCharacterParam_Player,GameLite/GameData/QuestNodePrototypes/EQ05_P.cfg
ERelationLevel,Neutral,171,76,0,0,0,247,ANCQ03_ReputationLocker_BP_Squad_ANCQ03_Military,GameLite/GameData/QuestNodePrototypes/ANCQ03.cfg
ERelationLevel,Enemy,114,81,0,0,0,195,E03_MQ01_If_Relationship_1,GameLite/GameData/QuestNodePrototypes/E03_MQ01.cfg
ERelationLevel,Friend,19,77,0,0,0,96,E07_SQ01_If_Reputation,GameLite/GameData/QuestNodePrototypes/E07_SQ01.cfg
ERelationLevel,Disaffection,62,11,0,0,0,73,E02_SQ02_SetDialog_CallPlayer_Pin_0,GameLite/GameData/QuestNodePrototypes/E02_SQ02.cfg
ERelationLevel,Self,0,1,0,0,0,1,DLC01_CNPP_Freedom_Hub_ReputationLocker_Scientists,DLCGameData/DLC1/QuestNodePrototypes.cfg
ERequiredSquadMembers,AllMembers,8964,2392,54,0,14,11424,A-life_interrupts_If,GameLite/GameData/QuestNodePrototypes/A-life_interrupts.cfg
ERequiredSquadMembers,AnyMember,3017,1295,3,0,0,4315,A-life_interrupts_OnTriggerEnterEvent,GameLite/GameData/QuestNodePrototypes/A-life_interrupts.cfg
ESaveType,Manual,81,41,0,0,0,122,Arch_Bossfight_Faust_RestrictSave,GameLite/GameData/QuestNodePrototypes/Arch_Bossfight_Faust.cfg
ESaveType,Quick,81,41,0,0,0,122,Arch_Bossfight_Faust_RestrictSave,GameLite/GameData/QuestNodePrototypes/Arch_Bossfight_Faust.cfg
ESaveType,Auto,80,41,0,0,0,121,E02_MQ03_RestrictSave,GameLite/GameData/QuestNodePrototypes/E02_MQ03.cfg
ESaveType,Quest,80,37,0,0,0,117,E02_MQ03_RestrictSave,GameLite/GameData/QuestNodePrototypes/E02_MQ03.cfg
ESaveType,ExitGame,0,4,0,0,0,4,DLC01_MQ10_B02_RestrictSave_BeforeCutscene,DLCGameData/DLC1/QuestNodePrototypes.cfg
ESaveType,FinishMainQuest,0,3,0,0,0,3,DLC01_MQ10_B02_RestrictSave_BeforeCutscene,DLCGameData/DLC1/QuestNodePrototypes.cfg
ESaveType,HubExit,0,3,0,0,0,3,DLC01_MQ10_B02_RestrictSave_BeforeCutscene,DLCGameData/DLC1/QuestNodePrototypes.cfg
ESaveType,ManualHub,0,3,0,0,0,3,DLC01_MQ10_B02_RestrictSave_BeforeCutscene,DLCGameData/DLC1/QuestNodePrototypes.cfg
ESaveType,StartMainQuest,0,3,0,0,0,3,DLC01_MQ10_B02_RestrictSave_BeforeCutscene,DLCGameData/DLC1/QuestNodePrototypes.cfg
ESpaceRestrictionType,Out,80,28,3,0,0,111,Benchmark_combat_SetPersonalRestriction,GameLite/GameData/QuestNodePrototypes/Benchmark_combat.cfg
ESpaceRestrictionType,In,43,18,0,0,0,61,DKEnergetic_Hub_SetFactionRestriction_1,GameLite/GameData/QuestNodePrototypes/DKEnergetic_Hub.cfg
ESpaceRestrictionType,None,21,30,0,0,0,51,ANCQ03_SetPersonalRestrictionStopor,GameLite/GameData/QuestNodePrototypes/ANCQ03.cfg
ESpawnNodeExcludeType,SeamlessDespawn,4184,1283,20,3,2,5492,A-life_interrupts_SpawnObjectNPCMonster_BP_NPCPlaceholder71,GameLite/GameData/QuestNodePrototypes/A-life_interrupts.cfg
ESpawnNodeExcludeType,ForceDespawn,1263,461,0,0,0,1724,A-life_interrupts_Despawn_BP_NPCPlaceholder71,GameLite/GameData/QuestNodePrototypes/A-life_interrupts.cfg
ESpawnNodeExcludeType,KillSpawnedObj,319,144,0,0,0,463,Arch_L_Assault_E08_Despawn_MonolithCommcenterFirstFloor1,GameLite/GameData/QuestNodePrototypes/Arch_L_Assault_E08.cfg
EThreatAwareness,SearchEnemy,193,4,0,0,0,197,E05_EQ03_SetDialog_E05_EQ03_Comment_Kemarik_Pin_0,GameLite/GameData/QuestNodePrototypes/E05_EQ03.cfg
EThreatAwareness,MoveToLocation,55,0,0,0,0,55,E03_MQ02_Comment_ZmeevikMoans1_Pin_0,GameLite/GameData/QuestNodePrototypes/E03_MQ02.cfg
EThreatAwareness,Calm,21,0,0,0,0,21,E08_EQ01_SetDialog_E08_EQ01_Comment_ChernyhFirst_Pin_0,GameLite/GameData/QuestNodePrototypes/E08_EQ01.cfg
EThreatAwareness,Battle,17,1,0,0,0,18,E11_MQ01_SetDialog_E11_MQ01_Comment_Thugs_AboutHabar_Pin_3,GameLite/GameData/QuestNodePrototypes/E11_MQ01.cfg
EThreatAwareness,TurnHead,10,0,0,0,0,10,SQ90_SetDialog_SQ90_Comment_BanditsChatAboutMutant_Pin_0,GameLite/GameData/QuestNodePrototypes/SQ90.cfg
ETriggerReact,ReactOnAlive,5051,2020,2,0,0,7073,A-life_interrupts_OnTriggerEnterEvent,GameLite/GameData/QuestNodePrototypes/A-life_interrupts.cfg
ETriggerReact,ReactBoth,20,85,0,0,0,105,QTC_Triggers_OnTriggerEnterEvent_2,GameLite/GameData/QuestNodePrototypes/QTC_Triggers.cfg
ETriggerReact,ReactOnDead,40,1,3,0,0,44,EQ52_Technical_BodyHere_Pin_0,GameLite/GameData/QuestNodePrototypes/EQ52.cfg
EWeaponState,NoWeapon,4531,1479,8,0,0,6018,AI_QTC_SetAIBehavior_not_set!_1,GameLite/GameData/QuestNodePrototypes/AI_QTC.cfg
EWeaponState,Relax,819,649,1,0,0,1469,Arch_L_SetAIBehavior_WS_Relax_DugaSniperMonolith_NorthEast1,GameLite/GameData/QuestNodePrototypes/Arch_L.cfg
EWeaponState,Combat,633,339,0,0,0,972,AI_QTC_SetAIBehavior_BP_NPCPlaceholder3_1,GameLite/GameData/QuestNodePrototypes/AI_QTC.cfg
EWeather,Clearly,21,8,0,0,0,29,Bench_Daily_Perfomance_Check_SetWeather_1,GameLite/GameData/QuestNodePrototypes/Bench_Daily_Perfomance_Check.cfg
EWeather,Rainy,7,8,0,0,0,15,Arch_Bossfight_Faust_SetWeather_1,GameLite/GameData/QuestNodePrototypes/Arch_Bossfight_Faust.cfg
EWeather,Underground,0,15,0,0,0,15,DLC01_MQ06_SetWeather_Underground,DLCGameData/DLC1/QuestNodePrototypes.cfg
EWeather,Cloudy,6,7,0,0,0,13,Arch_Bossfight_Faust_SetWeather,GameLite/GameData/QuestNodePrototypes/Arch_Bossfight_Faust.cfg
EWeather,CalmBeforeEmission,8,0,0,0,0,8,E15_MQ01_SetWeather,GameLite/GameData/QuestNodePrototypes/E15_MQ01.cfg
EWeather,LightRainy,1,7,0,0,0,8,SQ102_SetWeather,GameLite/GameData/QuestNodePrototypes/SQ102.cfg
EWeather,Stormy,5,1,0,0,0,6,E02_MQ03_C05_SetWeather_StormyAfterEmission,GameLite/GameData/QuestNodePrototypes/E02_MQ03_C05.cfg
EWeather,Fogy,1,1,0,0,0,2,E09_MQ01_SetWeather,GameLite/GameData/QuestNodePrototypes/E09_MQ01.cfg
EWeather,Thundery,2,0,0,0,0,2,E04_MQ01_P_SetWeather,GameLite/GameData/QuestNodePrototypes/E04_MQ01_P.cfg
